,assists,baronKills,bountyLevel,challenges,champExperience,champLevel,championId,championName,championTransform,consumablesPurchased,damageDealtToBuildings,damageDealtToObjectives,damageDealtToTurrets,damageSelfMitigated,deaths,detectorWardsPlaced,doubleKills,dragonKills,firstBloodAssist,firstBloodKill,firstTowerAssist,firstTowerKill,gameEndedInEarlySurrender,gameEndedInSurrender,goldEarned,goldSpent,individualPosition,inhibitorKills,inhibitorTakedowns,inhibitorsLost,item0,item1,item2,item3,item4,item5,item6,itemsPurchased,killingSprees,kills,lane,largestCriticalStrike,largestKillingSpree,largestMultiKill,longestTimeSpentLiving,magicDamageDealt,magicDamageDealtToChampions,magicDamageTaken,neutralMinionsKilled,nexusKills,nexusLost,nexusTakedowns,objectivesStolen,objectivesStolenAssists,participantId,pentaKills,perks,physicalDamageDealt,physicalDamageDealtToChampions,physicalDamageTaken,profileIcon,puuid,quadraKills,riotIdName,riotIdTagline,role,sightWardsBoughtInGame,spell1Casts,spell2Casts,spell3Casts,spell4Casts,summoner1Casts,summoner1Id,summoner2Casts,summoner2Id,summonerId,summonerLevel,summonerName,teamEarlySurrendered,teamId,teamPosition,timeCCingOthers,timePlayed,totalDamageDealt,totalDamageDealtToChampions,totalDamageShieldedOnTeammates,totalDamageTaken,totalHeal,totalHealsOnTeammates,totalMinionsKilled,totalTimeCCDealt,totalTimeSpentDead,totalUnitsHealed,tripleKills,trueDamageDealt,trueDamageDealtToChampions,trueDamageTaken,turretKills,turretTakedowns,turretsLost,unrealKills,visionScore,visionWardsBoughtInGame,wardsKilled,wardsPlaced,win
12AssistStreakCount,2,0,0,0.0,8893,12,25,Morgana,0,9,1207,1290,1207,5321,11,5,1,0,False,False,False,False,False,False,8177,7450,UTILITY,0,0,2,3157,3853,2055,6653,0,3158,3364,25,1,4,BOTTOM,0,2,2,400,12944,6548,11329,0,0,1,0,0,0,2,0,,1681,779,3670,4803,FQ9fpaVnVK7Q4OcDkNzuIcxxLR0bGOJH6L02e-qvYM6hKAg75JcASzTD7aQ9ALn3-Zxh8wNOODnocw,0,,,SUPPORT,0,27,20,13,5,4,4,3,3,3XXCcP0hJq820pl6c0SJzkK5vFmY07KL3YmgRY5BEk56ogQ,224,VoidBBlade,False,100,UTILITY,29,2192,14677,7378,1020,15842,435,0,15,55,265,1,0,50,50,842,0,1,9,0,69,7,10,26,False
abilityUses,2,0,0,65.0,8893,12,25,Morgana,0,9,1207,1290,1207,5321,11,5,1,0,False,False,False,False,False,False,8177,7450,UTILITY,0,0,2,3157,3853,2055,6653,0,3158,3364,25,1,4,BOTTOM,0,2,2,400,12944,6548,11329,0,0,1,0,0,0,2,0,,1681,779,3670,4803,FQ9fpaVnVK7Q4OcDkNzuIcxxLR0bGOJH6L02e-qvYM6hKAg75JcASzTD7aQ9ALn3-Zxh8wNOODnocw,0,,,SUPPORT,0,27,20,13,5,4,4,3,3,3XXCcP0hJq820pl6c0SJzkK5vFmY07KL3YmgRY5BEk56ogQ,224,VoidBBlade,False,100,UTILITY,29,2192,14677,7378,1020,15842,435,0,15,55,265,1,0,50,50,842,0,1,9,0,69,7,10,26,False
acesBefore15Minutes,2,0,0,0.0,8893,12,25,Morgana,0,9,1207,1290,1207,5321,11,5,1,0,False,False,False,False,False,False,8177,7450,UTILITY,0,0,2,3157,3853,2055,6653,0,3158,3364,25,1,4,BOTTOM,0,2,2,400,12944,6548,11329,0,0,1,0,0,0,2,0,,1681,779,3670,4803,FQ9fpaVnVK7Q4OcDkNzuIcxxLR0bGOJH6L02e-qvYM6hKAg75JcASzTD7aQ9ALn3-Zxh8wNOODnocw,0,,,SUPPORT,0,27,20,13,5,4,4,3,3,3XXCcP0hJq820pl6c0SJzkK5vFmY07KL3YmgRY5BEk56ogQ,224,VoidBBlade,False,100,UTILITY,29,2192,14677,7378,1020,15842,435,0,15,55,265,1,0,50,50,842,0,1,9,0,69,7,10,26,False
alliedJungleMonsterKills,2,0,0,0.0,8893,12,25,Morgana,0,9,1207,1290,1207,5321,11,5,1,0,False,False,False,False,False,False,8177,7450,UTILITY,0,0,2,3157,3853,2055,6653,0,3158,3364,25,1,4,BOTTOM,0,2,2,400,12944,6548,11329,0,0,1,0,0,0,2,0,,1681,779,3670,4803,FQ9fpaVnVK7Q4OcDkNzuIcxxLR0bGOJH6L02e-qvYM6hKAg75JcASzTD7aQ9ALn3-Zxh8wNOODnocw,0,,,SUPPORT,0,27,20,13,5,4,4,3,3,3XXCcP0hJq820pl6c0SJzkK5vFmY07KL3YmgRY5BEk56ogQ,224,VoidBBlade,False,100,UTILITY,29,2192,14677,7378,1020,15842,435,0,15,55,265,1,0,50,50,842,0,1,9,0,69,7,10,26,False
baronTakedowns,2,0,0,0.0,8893,12,25,Morgana,0,9,1207,1290,1207,5321,11,5,1,0,False,False,False,False,False,False,8177,7450,UTILITY,0,0,2,3157,3853,2055,6653,0,3158,3364,25,1,4,BOTTOM,0,2,2,400,12944,6548,11329,0,0,1,0,0,0,2,0,,1681,779,3670,4803,FQ9fpaVnVK7Q4OcDkNzuIcxxLR0bGOJH6L02e-qvYM6hKAg75JcASzTD7aQ9ALn3-Zxh8wNOODnocw,0,,,SUPPORT,0,27,20,13,5,4,4,3,3,3XXCcP0hJq820pl6c0SJzkK5vFmY07KL3YmgRY5BEk56ogQ,224,VoidBBlade,False,100,UTILITY,29,2192,14677,7378,1020,15842,435,0,15,55,265,1,0,50,50,842,0,1,9,0,69,7,10,26,False
blastConeOppositeOpponentCount,2,0,0,0.0,8893,12,25,Morgana,0,9,1207,1290,1207,5321,11,5,1,0,False,False,False,False,False,False,8177,7450,UTILITY,0,0,2,3157,3853,2055,6653,0,3158,3364,25,1,4,BOTTOM,0,2,2,400,12944,6548,11329,0,0,1,0,0,0,2,0,,1681,779,3670,4803,FQ9fpaVnVK7Q4OcDkNzuIcxxLR0bGOJH6L02e-qvYM6hKAg75JcASzTD7aQ9ALn3-Zxh8wNOODnocw,0,,,SUPPORT,0,27,20,13,5,4,4,3,3,3XXCcP0hJq820pl6c0SJzkK5vFmY07KL3YmgRY5BEk56ogQ,224,VoidBBlade,False,100,UTILITY,29,2192,14677,7378,1020,15842,435,0,15,55,265,1,0,50,50,842,0,1,9,0,69,7,10,26,False
bountyGold,2,0,0,0.0,8893,12,25,Morgana,0,9,1207,1290,1207,5321,11,5,1,0,False,False,False,False,False,False,8177,7450,UTILITY,0,0,2,3157,3853,2055,6653,0,3158,3364,25,1,4,BOTTOM,0,2,2,400,12944,6548,11329,0,0,1,0,0,0,2,0,,1681,779,3670,4803,FQ9fpaVnVK7Q4OcDkNzuIcxxLR0bGOJH6L02e-qvYM6hKAg75JcASzTD7aQ9ALn3-Zxh8wNOODnocw,0,,,SUPPORT,0,27,20,13,5,4,4,3,3,3XXCcP0hJq820pl6c0SJzkK5vFmY07KL3YmgRY5BEk56ogQ,224,VoidBBlade,False,100,UTILITY,29,2192,14677,7378,1020,15842,435,0,15,55,265,1,0,50,50,842,0,1,9,0,69,7,10,26,False
buffsStolen,2,0,0,0.0,8893,12,25,Morgana,0,9,1207,1290,1207,5321,11,5,1,0,False,False,False,False,False,False,8177,7450,UTILITY,0,0,2,3157,3853,2055,6653,0,3158,3364,25,1,4,BOTTOM,0,2,2,400,12944,6548,11329,0,0,1,0,0,0,2,0,,1681,779,3670,4803,FQ9fpaVnVK7Q4OcDkNzuIcxxLR0bGOJH6L02e-qvYM6hKAg75JcASzTD7aQ9ALn3-Zxh8wNOODnocw,0,,,SUPPORT,0,27,20,13,5,4,4,3,3,3XXCcP0hJq820pl6c0SJzkK5vFmY07KL3YmgRY5BEk56ogQ,224,VoidBBlade,False,100,UTILITY,29,2192,14677,7378,1020,15842,435,0,15,55,265,1,0,50,50,842,0,1,9,0,69,7,10,26,False
completeSupportQuestInTime,2,0,0,1.0,8893,12,25,Morgana,0,9,1207,1290,1207,5321,11,5,1,0,False,False,False,False,False,False,8177,7450,UTILITY,0,0,2,3157,3853,2055,6653,0,3158,3364,25,1,4,BOTTOM,0,2,2,400,12944,6548,11329,0,0,1,0,0,0,2,0,,1681,779,3670,4803,FQ9fpaVnVK7Q4OcDkNzuIcxxLR0bGOJH6L02e-qvYM6hKAg75JcASzTD7aQ9ALn3-Zxh8wNOODnocw,0,,,SUPPORT,0,27,20,13,5,4,4,3,3,3XXCcP0hJq820pl6c0SJzkK5vFmY07KL3YmgRY5BEk56ogQ,224,VoidBBlade,False,100,UTILITY,29,2192,14677,7378,1020,15842,435,0,15,55,265,1,0,50,50,842,0,1,9,0,69,7,10,26,False
controlWardTimeCoverageInRiverOrEnemyHalf,2,0,0,0.10512902084338513,8893,12,25,Morgana,0,9,1207,1290,1207,5321,11,5,1,0,False,False,False,False,False,False,8177,7450,UTILITY,0,0,2,3157,3853,2055,6653,0,3158,3364,25,1,4,BOTTOM,0,2,2,400,12944,6548,11329,0,0,1,0,0,0,2,0,,1681,779,3670,4803,FQ9fpaVnVK7Q4OcDkNzuIcxxLR0bGOJH6L02e-qvYM6hKAg75JcASzTD7aQ9ALn3-Zxh8wNOODnocw,0,,,SUPPORT,0,27,20,13,5,4,4,3,3,3XXCcP0hJq820pl6c0SJzkK5vFmY07KL3YmgRY5BEk56ogQ,224,VoidBBlade,False,100,UTILITY,29,2192,14677,7378,1020,15842,435,0,15,55,265,1,0,50,50,842,0,1,9,0,69,7,10,26,False
controlWardsPlaced,2,0,0,5.0,8893,12,25,Morgana,0,9,1207,1290,1207,5321,11,5,1,0,False,False,False,False,False,False,8177,7450,UTILITY,0,0,2,3157,3853,2055,6653,0,3158,3364,25,1,4,BOTTOM,0,2,2,400,12944,6548,11329,0,0,1,0,0,0,2,0,,1681,779,3670,4803,FQ9fpaVnVK7Q4OcDkNzuIcxxLR0bGOJH6L02e-qvYM6hKAg75JcASzTD7aQ9ALn3-Zxh8wNOODnocw,0,,,SUPPORT,0,27,20,13,5,4,4,3,3,3XXCcP0hJq820pl6c0SJzkK5vFmY07KL3YmgRY5BEk56ogQ,224,VoidBBlade,False,100,UTILITY,29,2192,14677,7378,1020,15842,435,0,15,55,265,1,0,50,50,842,0,1,9,0,69,7,10,26,False
damagePerMinute,2,0,0,401.6360258616307,8893,12,25,Morgana,0,9,1207,1290,1207,5321,11,5,1,0,False,False,False,False,False,False,8177,7450,UTILITY,0,0,2,3157,3853,2055,6653,0,3158,3364,25,1,4,BOTTOM,0,2,2,400,12944,6548,11329,0,0,1,0,0,0,2,0,,1681,779,3670,4803,FQ9fpaVnVK7Q4OcDkNzuIcxxLR0bGOJH6L02e-qvYM6hKAg75JcASzTD7aQ9ALn3-Zxh8wNOODnocw,0,,,SUPPORT,0,27,20,13,5,4,4,3,3,3XXCcP0hJq820pl6c0SJzkK5vFmY07KL3YmgRY5BEk56ogQ,224,VoidBBlade,False,100,UTILITY,29,2192,14677,7378,1020,15842,435,0,15,55,265,1,0,50,50,842,0,1,9,0,69,7,10,26,False
damageTakenOnTeamPercentage,2,0,0,0.11236584265015939,8893,12,25,Morgana,0,9,1207,1290,1207,5321,11,5,1,0,False,False,False,False,False,False,8177,7450,UTILITY,0,0,2,3157,3853,2055,6653,0,3158,3364,25,1,4,BOTTOM,0,2,2,400,12944,6548,11329,0,0,1,0,0,0,2,0,,1681,779,3670,4803,FQ9fpaVnVK7Q4OcDkNzuIcxxLR0bGOJH6L02e-qvYM6hKAg75JcASzTD7aQ9ALn3-Zxh8wNOODnocw,0,,,SUPPORT,0,27,20,13,5,4,4,3,3,3XXCcP0hJq820pl6c0SJzkK5vFmY07KL3YmgRY5BEk56ogQ,224,VoidBBlade,False,100,UTILITY,29,2192,14677,7378,1020,15842,435,0,15,55,265,1,0,50,50,842,0,1,9,0,69,7,10,26,False
dancedWithRiftHerald,2,0,0,0.0,8893,12,25,Morgana,0,9,1207,1290,1207,5321,11,5,1,0,False,False,False,False,False,False,8177,7450,UTILITY,0,0,2,3157,3853,2055,6653,0,3158,3364,25,1,4,BOTTOM,0,2,2,400,12944,6548,11329,0,0,1,0,0,0,2,0,,1681,779,3670,4803,FQ9fpaVnVK7Q4OcDkNzuIcxxLR0bGOJH6L02e-qvYM6hKAg75JcASzTD7aQ9ALn3-Zxh8wNOODnocw,0,,,SUPPORT,0,27,20,13,5,4,4,3,3,3XXCcP0hJq820pl6c0SJzkK5vFmY07KL3YmgRY5BEk56ogQ,224,VoidBBlade,False,100,UTILITY,29,2192,14677,7378,1020,15842,435,0,15,55,265,1,0,50,50,842,0,1,9,0,69,7,10,26,False
deathsByEnemyChamps,2,0,0,11.0,8893,12,25,Morgana,0,9,1207,1290,1207,5321,11,5,1,0,False,False,False,False,False,False,8177,7450,UTILITY,0,0,2,3157,3853,2055,6653,0,3158,3364,25,1,4,BOTTOM,0,2,2,400,12944,6548,11329,0,0,1,0,0,0,2,0,,1681,779,3670,4803,FQ9fpaVnVK7Q4OcDkNzuIcxxLR0bGOJH6L02e-qvYM6hKAg75JcASzTD7aQ9ALn3-Zxh8wNOODnocw,0,,,SUPPORT,0,27,20,13,5,4,4,3,3,3XXCcP0hJq820pl6c0SJzkK5vFmY07KL3YmgRY5BEk56ogQ,224,VoidBBlade,False,100,UTILITY,29,2192,14677,7378,1020,15842,435,0,15,55,265,1,0,50,50,842,0,1,9,0,69,7,10,26,False
dodgeSkillShotsSmallWindow,2,0,0,41.0,8893,12,25,Morgana,0,9,1207,1290,1207,5321,11,5,1,0,False,False,False,False,False,False,8177,7450,UTILITY,0,0,2,3157,3853,2055,6653,0,3158,3364,25,1,4,BOTTOM,0,2,2,400,12944,6548,11329,0,0,1,0,0,0,2,0,,1681,779,3670,4803,FQ9fpaVnVK7Q4OcDkNzuIcxxLR0bGOJH6L02e-qvYM6hKAg75JcASzTD7aQ9ALn3-Zxh8wNOODnocw,0,,,SUPPORT,0,27,20,13,5,4,4,3,3,3XXCcP0hJq820pl6c0SJzkK5vFmY07KL3YmgRY5BEk56ogQ,224,VoidBBlade,False,100,UTILITY,29,2192,14677,7378,1020,15842,435,0,15,55,265,1,0,50,50,842,0,1,9,0,69,7,10,26,False
doubleAces,2,0,0,0.0,8893,12,25,Morgana,0,9,1207,1290,1207,5321,11,5,1,0,False,False,False,False,False,False,8177,7450,UTILITY,0,0,2,3157,3853,2055,6653,0,3158,3364,25,1,4,BOTTOM,0,2,2,400,12944,6548,11329,0,0,1,0,0,0,2,0,,1681,779,3670,4803,FQ9fpaVnVK7Q4OcDkNzuIcxxLR0bGOJH6L02e-qvYM6hKAg75JcASzTD7aQ9ALn3-Zxh8wNOODnocw,0,,,SUPPORT,0,27,20,13,5,4,4,3,3,3XXCcP0hJq820pl6c0SJzkK5vFmY07KL3YmgRY5BEk56ogQ,224,VoidBBlade,False,100,UTILITY,29,2192,14677,7378,1020,15842,435,0,15,55,265,1,0,50,50,842,0,1,9,0,69,7,10,26,False
dragonTakedowns,2,0,0,0.0,8893,12,25,Morgana,0,9,1207,1290,1207,5321,11,5,1,0,False,False,False,False,False,False,8177,7450,UTILITY,0,0,2,3157,3853,2055,6653,0,3158,3364,25,1,4,BOTTOM,0,2,2,400,12944,6548,11329,0,0,1,0,0,0,2,0,,1681,779,3670,4803,FQ9fpaVnVK7Q4OcDkNzuIcxxLR0bGOJH6L02e-qvYM6hKAg75JcASzTD7aQ9ALn3-Zxh8wNOODnocw,0,,,SUPPORT,0,27,20,13,5,4,4,3,3,3XXCcP0hJq820pl6c0SJzkK5vFmY07KL3YmgRY5BEk56ogQ,224,VoidBBlade,False,100,UTILITY,29,2192,14677,7378,1020,15842,435,0,15,55,265,1,0,50,50,842,0,1,9,0,69,7,10,26,False
earlyLaningPhaseGoldExpAdvantage,2,0,0,-0.04160594940185547,8893,12,25,Morgana,0,9,1207,1290,1207,5321,11,5,1,0,False,False,False,False,False,False,8177,7450,UTILITY,0,0,2,3157,3853,2055,6653,0,3158,3364,25,1,4,BOTTOM,0,2,2,400,12944,6548,11329,0,0,1,0,0,0,2,0,,1681,779,3670,4803,FQ9fpaVnVK7Q4OcDkNzuIcxxLR0bGOJH6L02e-qvYM6hKAg75JcASzTD7aQ9ALn3-Zxh8wNOODnocw,0,,,SUPPORT,0,27,20,13,5,4,4,3,3,3XXCcP0hJq820pl6c0SJzkK5vFmY07KL3YmgRY5BEk56ogQ,224,VoidBBlade,False,100,UTILITY,29,2192,14677,7378,1020,15842,435,0,15,55,265,1,0,50,50,842,0,1,9,0,69,7,10,26,False
effectiveHealAndShielding,2,0,0,1020.8690795898438,8893,12,25,Morgana,0,9,1207,1290,1207,5321,11,5,1,0,False,False,False,False,False,False,8177,7450,UTILITY,0,0,2,3157,3853,2055,6653,0,3158,3364,25,1,4,BOTTOM,0,2,2,400,12944,6548,11329,0,0,1,0,0,0,2,0,,1681,779,3670,4803,FQ9fpaVnVK7Q4OcDkNzuIcxxLR0bGOJH6L02e-qvYM6hKAg75JcASzTD7aQ9ALn3-Zxh8wNOODnocw,0,,,SUPPORT,0,27,20,13,5,4,4,3,3,3XXCcP0hJq820pl6c0SJzkK5vFmY07KL3YmgRY5BEk56ogQ,224,VoidBBlade,False,100,UTILITY,29,2192,14677,7378,1020,15842,435,0,15,55,265,1,0,50,50,842,0,1,9,0,69,7,10,26,False
elderDragonKillsWithOpposingSoul,2,0,0,0.0,8893,12,25,Morgana,0,9,1207,1290,1207,5321,11,5,1,0,False,False,False,False,False,False,8177,7450,UTILITY,0,0,2,3157,3853,2055,6653,0,3158,3364,25,1,4,BOTTOM,0,2,2,400,12944,6548,11329,0,0,1,0,0,0,2,0,,1681,779,3670,4803,FQ9fpaVnVK7Q4OcDkNzuIcxxLR0bGOJH6L02e-qvYM6hKAg75JcASzTD7aQ9ALn3-Zxh8wNOODnocw,0,,,SUPPORT,0,27,20,13,5,4,4,3,3,3XXCcP0hJq820pl6c0SJzkK5vFmY07KL3YmgRY5BEk56ogQ,224,VoidBBlade,False,100,UTILITY,29,2192,14677,7378,1020,15842,435,0,15,55,265,1,0,50,50,842,0,1,9,0,69,7,10,26,False
elderDragonMultikills,2,0,0,0.0,8893,12,25,Morgana,0,9,1207,1290,1207,5321,11,5,1,0,False,False,False,False,False,False,8177,7450,UTILITY,0,0,2,3157,3853,2055,6653,0,3158,3364,25,1,4,BOTTOM,0,2,2,400,12944,6548,11329,0,0,1,0,0,0,2,0,,1681,779,3670,4803,FQ9fpaVnVK7Q4OcDkNzuIcxxLR0bGOJH6L02e-qvYM6hKAg75JcASzTD7aQ9ALn3-Zxh8wNOODnocw,0,,,SUPPORT,0,27,20,13,5,4,4,3,3,3XXCcP0hJq820pl6c0SJzkK5vFmY07KL3YmgRY5BEk56ogQ,224,VoidBBlade,False,100,UTILITY,29,2192,14677,7378,1020,15842,435,0,15,55,265,1,0,50,50,842,0,1,9,0,69,7,10,26,False
enemyChampionImmobilizations,2,0,0,15.0,8893,12,25,Morgana,0,9,1207,1290,1207,5321,11,5,1,0,False,False,False,False,False,False,8177,7450,UTILITY,0,0,2,3157,3853,2055,6653,0,3158,3364,25,1,4,BOTTOM,0,2,2,400,12944,6548,11329,0,0,1,0,0,0,2,0,,1681,779,3670,4803,FQ9fpaVnVK7Q4OcDkNzuIcxxLR0bGOJH6L02e-qvYM6hKAg75JcASzTD7aQ9ALn3-Zxh8wNOODnocw,0,,,SUPPORT,0,27,20,13,5,4,4,3,3,3XXCcP0hJq820pl6c0SJzkK5vFmY07KL3YmgRY5BEk56ogQ,224,VoidBBlade,False,100,UTILITY,29,2192,14677,7378,1020,15842,435,0,15,55,265,1,0,50,50,842,0,1,9,0,69,7,10,26,False
enemyJungleMonsterKills,2,0,0,0.0,8893,12,25,Morgana,0,9,1207,1290,1207,5321,11,5,1,0,False,False,False,False,False,False,8177,7450,UTILITY,0,0,2,3157,3853,2055,6653,0,3158,3364,25,1,4,BOTTOM,0,2,2,400,12944,6548,11329,0,0,1,0,0,0,2,0,,1681,779,3670,4803,FQ9fpaVnVK7Q4OcDkNzuIcxxLR0bGOJH6L02e-qvYM6hKAg75JcASzTD7aQ9ALn3-Zxh8wNOODnocw,0,,,SUPPORT,0,27,20,13,5,4,4,3,3,3XXCcP0hJq820pl6c0SJzkK5vFmY07KL3YmgRY5BEk56ogQ,224,VoidBBlade,False,100,UTILITY,29,2192,14677,7378,1020,15842,435,0,15,55,265,1,0,50,50,842,0,1,9,0,69,7,10,26,False
epicMonsterKillsNearEnemyJungler,2,0,0,0.0,8893,12,25,Morgana,0,9,1207,1290,1207,5321,11,5,1,0,False,False,False,False,False,False,8177,7450,UTILITY,0,0,2,3157,3853,2055,6653,0,3158,3364,25,1,4,BOTTOM,0,2,2,400,12944,6548,11329,0,0,1,0,0,0,2,0,,1681,779,3670,4803,FQ9fpaVnVK7Q4OcDkNzuIcxxLR0bGOJH6L02e-qvYM6hKAg75JcASzTD7aQ9ALn3-Zxh8wNOODnocw,0,,,SUPPORT,0,27,20,13,5,4,4,3,3,3XXCcP0hJq820pl6c0SJzkK5vFmY07KL3YmgRY5BEk56ogQ,224,VoidBBlade,False,100,UTILITY,29,2192,14677,7378,1020,15842,435,0,15,55,265,1,0,50,50,842,0,1,9,0,69,7,10,26,False
epicMonsterKillsWithin30SecondsOfSpawn,2,0,0,0.0,8893,12,25,Morgana,0,9,1207,1290,1207,5321,11,5,1,0,False,False,False,False,False,False,8177,7450,UTILITY,0,0,2,3157,3853,2055,6653,0,3158,3364,25,1,4,BOTTOM,0,2,2,400,12944,6548,11329,0,0,1,0,0,0,2,0,,1681,779,3670,4803,FQ9fpaVnVK7Q4OcDkNzuIcxxLR0bGOJH6L02e-qvYM6hKAg75JcASzTD7aQ9ALn3-Zxh8wNOODnocw,0,,,SUPPORT,0,27,20,13,5,4,4,3,3,3XXCcP0hJq820pl6c0SJzkK5vFmY07KL3YmgRY5BEk56ogQ,224,VoidBBlade,False,100,UTILITY,29,2192,14677,7378,1020,15842,435,0,15,55,265,1,0,50,50,842,0,1,9,0,69,7,10,26,False
epicMonsterSteals,2,0,0,0.0,8893,12,25,Morgana,0,9,1207,1290,1207,5321,11,5,1,0,False,False,False,False,False,False,8177,7450,UTILITY,0,0,2,3157,3853,2055,6653,0,3158,3364,25,1,4,BOTTOM,0,2,2,400,12944,6548,11329,0,0,1,0,0,0,2,0,,1681,779,3670,4803,FQ9fpaVnVK7Q4OcDkNzuIcxxLR0bGOJH6L02e-qvYM6hKAg75JcASzTD7aQ9ALn3-Zxh8wNOODnocw,0,,,SUPPORT,0,27,20,13,5,4,4,3,3,3XXCcP0hJq820pl6c0SJzkK5vFmY07KL3YmgRY5BEk56ogQ,224,VoidBBlade,False,100,UTILITY,29,2192,14677,7378,1020,15842,435,0,15,55,265,1,0,50,50,842,0,1,9,0,69,7,10,26,False
epicMonsterStolenWithoutSmite,2,0,0,0.0,8893,12,25,Morgana,0,9,1207,1290,1207,5321,11,5,1,0,False,False,False,False,False,False,8177,7450,UTILITY,0,0,2,3157,3853,2055,6653,0,3158,3364,25,1,4,BOTTOM,0,2,2,400,12944,6548,11329,0,0,1,0,0,0,2,0,,1681,779,3670,4803,FQ9fpaVnVK7Q4OcDkNzuIcxxLR0bGOJH6L02e-qvYM6hKAg75JcASzTD7aQ9ALn3-Zxh8wNOODnocw,0,,,SUPPORT,0,27,20,13,5,4,4,3,3,3XXCcP0hJq820pl6c0SJzkK5vFmY07KL3YmgRY5BEk56ogQ,224,VoidBBlade,False,100,UTILITY,29,2192,14677,7378,1020,15842,435,0,15,55,265,1,0,50,50,842,0,1,9,0,69,7,10,26,False
firstTurretKilledTime,2,0,0,748.1103055305396,8893,12,25,Morgana,0,9,1207,1290,1207,5321,11,5,1,0,False,False,False,False,False,False,8177,7450,UTILITY,0,0,2,3157,3853,2055,6653,0,3158,3364,25,1,4,BOTTOM,0,2,2,400,12944,6548,11329,0,0,1,0,0,0,2,0,,1681,779,3670,4803,FQ9fpaVnVK7Q4OcDkNzuIcxxLR0bGOJH6L02e-qvYM6hKAg75JcASzTD7aQ9ALn3-Zxh8wNOODnocw,0,,,SUPPORT,0,27,20,13,5,4,4,3,3,3XXCcP0hJq820pl6c0SJzkK5vFmY07KL3YmgRY5BEk56ogQ,224,VoidBBlade,False,100,UTILITY,29,2192,14677,7378,1020,15842,435,0,15,55,265,1,0,50,50,842,0,1,9,0,69,7,10,26,False
flawlessAces,2,0,0,0.0,8893,12,25,Morgana,0,9,1207,1290,1207,5321,11,5,1,0,False,False,False,False,False,False,8177,7450,UTILITY,0,0,2,3157,3853,2055,6653,0,3158,3364,25,1,4,BOTTOM,0,2,2,400,12944,6548,11329,0,0,1,0,0,0,2,0,,1681,779,3670,4803,FQ9fpaVnVK7Q4OcDkNzuIcxxLR0bGOJH6L02e-qvYM6hKAg75JcASzTD7aQ9ALn3-Zxh8wNOODnocw,0,,,SUPPORT,0,27,20,13,5,4,4,3,3,3XXCcP0hJq820pl6c0SJzkK5vFmY07KL3YmgRY5BEk56ogQ,224,VoidBBlade,False,100,UTILITY,29,2192,14677,7378,1020,15842,435,0,15,55,265,1,0,50,50,842,0,1,9,0,69,7,10,26,False
fullTeamTakedown,2,0,0,3.0,8893,12,25,Morgana,0,9,1207,1290,1207,5321,11,5,1,0,False,False,False,False,False,False,8177,7450,UTILITY,0,0,2,3157,3853,2055,6653,0,3158,3364,25,1,4,BOTTOM,0,2,2,400,12944,6548,11329,0,0,1,0,0,0,2,0,,1681,779,3670,4803,FQ9fpaVnVK7Q4OcDkNzuIcxxLR0bGOJH6L02e-qvYM6hKAg75JcASzTD7aQ9ALn3-Zxh8wNOODnocw,0,,,SUPPORT,0,27,20,13,5,4,4,3,3,3XXCcP0hJq820pl6c0SJzkK5vFmY07KL3YmgRY5BEk56ogQ,224,VoidBBlade,False,100,UTILITY,29,2192,14677,7378,1020,15842,435,0,15,55,265,1,0,50,50,842,0,1,9,0,69,7,10,26,False
gameLength,2,0,0,2192.617355986739,8893,12,25,Morgana,0,9,1207,1290,1207,5321,11,5,1,0,False,False,False,False,False,False,8177,7450,UTILITY,0,0,2,3157,3853,2055,6653,0,3158,3364,25,1,4,BOTTOM,0,2,2,400,12944,6548,11329,0,0,1,0,0,0,2,0,,1681,779,3670,4803,FQ9fpaVnVK7Q4OcDkNzuIcxxLR0bGOJH6L02e-qvYM6hKAg75JcASzTD7aQ9ALn3-Zxh8wNOODnocw,0,,,SUPPORT,0,27,20,13,5,4,4,3,3,3XXCcP0hJq820pl6c0SJzkK5vFmY07KL3YmgRY5BEk56ogQ,224,VoidBBlade,False,100,UTILITY,29,2192,14677,7378,1020,15842,435,0,15,55,265,1,0,50,50,842,0,1,9,0,69,7,10,26,False
getTakedownsInAllLanesEarlyJungleAsLaner,2,0,0,0.0,8893,12,25,Morgana,0,9,1207,1290,1207,5321,11,5,1,0,False,False,False,False,False,False,8177,7450,UTILITY,0,0,2,3157,3853,2055,6653,0,3158,3364,25,1,4,BOTTOM,0,2,2,400,12944,6548,11329,0,0,1,0,0,0,2,0,,1681,779,3670,4803,FQ9fpaVnVK7Q4OcDkNzuIcxxLR0bGOJH6L02e-qvYM6hKAg75JcASzTD7aQ9ALn3-Zxh8wNOODnocw,0,,,SUPPORT,0,27,20,13,5,4,4,3,3,3XXCcP0hJq820pl6c0SJzkK5vFmY07KL3YmgRY5BEk56ogQ,224,VoidBBlade,False,100,UTILITY,29,2192,14677,7378,1020,15842,435,0,15,55,265,1,0,50,50,842,0,1,9,0,69,7,10,26,False
goldPerMinute,2,0,0,223.7762873420138,8893,12,25,Morgana,0,9,1207,1290,1207,5321,11,5,1,0,False,False,False,False,False,False,8177,7450,UTILITY,0,0,2,3157,3853,2055,6653,0,3158,3364,25,1,4,BOTTOM,0,2,2,400,12944,6548,11329,0,0,1,0,0,0,2,0,,1681,779,3670,4803,FQ9fpaVnVK7Q4OcDkNzuIcxxLR0bGOJH6L02e-qvYM6hKAg75JcASzTD7aQ9ALn3-Zxh8wNOODnocw,0,,,SUPPORT,0,27,20,13,5,4,4,3,3,3XXCcP0hJq820pl6c0SJzkK5vFmY07KL3YmgRY5BEk56ogQ,224,VoidBBlade,False,100,UTILITY,29,2192,14677,7378,1020,15842,435,0,15,55,265,1,0,50,50,842,0,1,9,0,69,7,10,26,False
hadAfkTeammate,2,0,0,0.0,8893,12,25,Morgana,0,9,1207,1290,1207,5321,11,5,1,0,False,False,False,False,False,False,8177,7450,UTILITY,0,0,2,3157,3853,2055,6653,0,3158,3364,25,1,4,BOTTOM,0,2,2,400,12944,6548,11329,0,0,1,0,0,0,2,0,,1681,779,3670,4803,FQ9fpaVnVK7Q4OcDkNzuIcxxLR0bGOJH6L02e-qvYM6hKAg75JcASzTD7aQ9ALn3-Zxh8wNOODnocw,0,,,SUPPORT,0,27,20,13,5,4,4,3,3,3XXCcP0hJq820pl6c0SJzkK5vFmY07KL3YmgRY5BEk56ogQ,224,VoidBBlade,False,100,UTILITY,29,2192,14677,7378,1020,15842,435,0,15,55,265,1,0,50,50,842,0,1,9,0,69,7,10,26,False
hadOpenNexus,2,0,0,0.0,8893,12,25,Morgana,0,9,1207,1290,1207,5321,11,5,1,0,False,False,False,False,False,False,8177,7450,UTILITY,0,0,2,3157,3853,2055,6653,0,3158,3364,25,1,4,BOTTOM,0,2,2,400,12944,6548,11329,0,0,1,0,0,0,2,0,,1681,779,3670,4803,FQ9fpaVnVK7Q4OcDkNzuIcxxLR0bGOJH6L02e-qvYM6hKAg75JcASzTD7aQ9ALn3-Zxh8wNOODnocw,0,,,SUPPORT,0,27,20,13,5,4,4,3,3,3XXCcP0hJq820pl6c0SJzkK5vFmY07KL3YmgRY5BEk56ogQ,224,VoidBBlade,False,100,UTILITY,29,2192,14677,7378,1020,15842,435,0,15,55,265,1,0,50,50,842,0,1,9,0,69,7,10,26,False
immobilizeAndKillWithAlly,2,0,0,5.0,8893,12,25,Morgana,0,9,1207,1290,1207,5321,11,5,1,0,False,False,False,False,False,False,8177,7450,UTILITY,0,0,2,3157,3853,2055,6653,0,3158,3364,25,1,4,BOTTOM,0,2,2,400,12944,6548,11329,0,0,1,0,0,0,2,0,,1681,779,3670,4803,FQ9fpaVnVK7Q4OcDkNzuIcxxLR0bGOJH6L02e-qvYM6hKAg75JcASzTD7aQ9ALn3-Zxh8wNOODnocw,0,,,SUPPORT,0,27,20,13,5,4,4,3,3,3XXCcP0hJq820pl6c0SJzkK5vFmY07KL3YmgRY5BEk56ogQ,224,VoidBBlade,False,100,UTILITY,29,2192,14677,7378,1020,15842,435,0,15,55,265,1,0,50,50,842,0,1,9,0,69,7,10,26,False
initialBuffCount,2,0,0,0.0,8893,12,25,Morgana,0,9,1207,1290,1207,5321,11,5,1,0,False,False,False,False,False,False,8177,7450,UTILITY,0,0,2,3157,3853,2055,6653,0,3158,3364,25,1,4,BOTTOM,0,2,2,400,12944,6548,11329,0,0,1,0,0,0,2,0,,1681,779,3670,4803,FQ9fpaVnVK7Q4OcDkNzuIcxxLR0bGOJH6L02e-qvYM6hKAg75JcASzTD7aQ9ALn3-Zxh8wNOODnocw,0,,,SUPPORT,0,27,20,13,5,4,4,3,3,3XXCcP0hJq820pl6c0SJzkK5vFmY07KL3YmgRY5BEk56ogQ,224,VoidBBlade,False,100,UTILITY,29,2192,14677,7378,1020,15842,435,0,15,55,265,1,0,50,50,842,0,1,9,0,69,7,10,26,False
initialCrabCount,2,0,0,0.0,8893,12,25,Morgana,0,9,1207,1290,1207,5321,11,5,1,0,False,False,False,False,False,False,8177,7450,UTILITY,0,0,2,3157,3853,2055,6653,0,3158,3364,25,1,4,BOTTOM,0,2,2,400,12944,6548,11329,0,0,1,0,0,0,2,0,,1681,779,3670,4803,FQ9fpaVnVK7Q4OcDkNzuIcxxLR0bGOJH6L02e-qvYM6hKAg75JcASzTD7aQ9ALn3-Zxh8wNOODnocw,0,,,SUPPORT,0,27,20,13,5,4,4,3,3,3XXCcP0hJq820pl6c0SJzkK5vFmY07KL3YmgRY5BEk56ogQ,224,VoidBBlade,False,100,UTILITY,29,2192,14677,7378,1020,15842,435,0,15,55,265,1,0,50,50,842,0,1,9,0,69,7,10,26,False
jungleCsBefore10Minutes,2,0,0,0.0,8893,12,25,Morgana,0,9,1207,1290,1207,5321,11,5,1,0,False,False,False,False,False,False,8177,7450,UTILITY,0,0,2,3157,3853,2055,6653,0,3158,3364,25,1,4,BOTTOM,0,2,2,400,12944,6548,11329,0,0,1,0,0,0,2,0,,1681,779,3670,4803,FQ9fpaVnVK7Q4OcDkNzuIcxxLR0bGOJH6L02e-qvYM6hKAg75JcASzTD7aQ9ALn3-Zxh8wNOODnocw,0,,,SUPPORT,0,27,20,13,5,4,4,3,3,3XXCcP0hJq820pl6c0SJzkK5vFmY07KL3YmgRY5BEk56ogQ,224,VoidBBlade,False,100,UTILITY,29,2192,14677,7378,1020,15842,435,0,15,55,265,1,0,50,50,842,0,1,9,0,69,7,10,26,False
junglerKillsEarlyJungle,2,0,0,0.0,8893,12,25,Morgana,0,9,1207,1290,1207,5321,11,5,1,0,False,False,False,False,False,False,8177,7450,UTILITY,0,0,2,3157,3853,2055,6653,0,3158,3364,25,1,4,BOTTOM,0,2,2,400,12944,6548,11329,0,0,1,0,0,0,2,0,,1681,779,3670,4803,FQ9fpaVnVK7Q4OcDkNzuIcxxLR0bGOJH6L02e-qvYM6hKAg75JcASzTD7aQ9ALn3-Zxh8wNOODnocw,0,,,SUPPORT,0,27,20,13,5,4,4,3,3,3XXCcP0hJq820pl6c0SJzkK5vFmY07KL3YmgRY5BEk56ogQ,224,VoidBBlade,False,100,UTILITY,29,2192,14677,7378,1020,15842,435,0,15,55,265,1,0,50,50,842,0,1,9,0,69,7,10,26,False
junglerTakedownsNearDamagedEpicMonster,2,0,0,0.0,8893,12,25,Morgana,0,9,1207,1290,1207,5321,11,5,1,0,False,False,False,False,False,False,8177,7450,UTILITY,0,0,2,3157,3853,2055,6653,0,3158,3364,25,1,4,BOTTOM,0,2,2,400,12944,6548,11329,0,0,1,0,0,0,2,0,,1681,779,3670,4803,FQ9fpaVnVK7Q4OcDkNzuIcxxLR0bGOJH6L02e-qvYM6hKAg75JcASzTD7aQ9ALn3-Zxh8wNOODnocw,0,,,SUPPORT,0,27,20,13,5,4,4,3,3,3XXCcP0hJq820pl6c0SJzkK5vFmY07KL3YmgRY5BEk56ogQ,224,VoidBBlade,False,100,UTILITY,29,2192,14677,7378,1020,15842,435,0,15,55,265,1,0,50,50,842,0,1,9,0,69,7,10,26,False
kTurretsDestroyedBeforePlatesFall,2,0,0,0.0,8893,12,25,Morgana,0,9,1207,1290,1207,5321,11,5,1,0,False,False,False,False,False,False,8177,7450,UTILITY,0,0,2,3157,3853,2055,6653,0,3158,3364,25,1,4,BOTTOM,0,2,2,400,12944,6548,11329,0,0,1,0,0,0,2,0,,1681,779,3670,4803,FQ9fpaVnVK7Q4OcDkNzuIcxxLR0bGOJH6L02e-qvYM6hKAg75JcASzTD7aQ9ALn3-Zxh8wNOODnocw,0,,,SUPPORT,0,27,20,13,5,4,4,3,3,3XXCcP0hJq820pl6c0SJzkK5vFmY07KL3YmgRY5BEk56ogQ,224,VoidBBlade,False,100,UTILITY,29,2192,14677,7378,1020,15842,435,0,15,55,265,1,0,50,50,842,0,1,9,0,69,7,10,26,False
kda,2,0,0,0.5454545454545454,8893,12,25,Morgana,0,9,1207,1290,1207,5321,11,5,1,0,False,False,False,False,False,False,8177,7450,UTILITY,0,0,2,3157,3853,2055,6653,0,3158,3364,25,1,4,BOTTOM,0,2,2,400,12944,6548,11329,0,0,1,0,0,0,2,0,,1681,779,3670,4803,FQ9fpaVnVK7Q4OcDkNzuIcxxLR0bGOJH6L02e-qvYM6hKAg75JcASzTD7aQ9ALn3-Zxh8wNOODnocw,0,,,SUPPORT,0,27,20,13,5,4,4,3,3,3XXCcP0hJq820pl6c0SJzkK5vFmY07KL3YmgRY5BEk56ogQ,224,VoidBBlade,False,100,UTILITY,29,2192,14677,7378,1020,15842,435,0,15,55,265,1,0,50,50,842,0,1,9,0,69,7,10,26,False
killAfterHiddenWithAlly,2,0,0,1.0,8893,12,25,Morgana,0,9,1207,1290,1207,5321,11,5,1,0,False,False,False,False,False,False,8177,7450,UTILITY,0,0,2,3157,3853,2055,6653,0,3158,3364,25,1,4,BOTTOM,0,2,2,400,12944,6548,11329,0,0,1,0,0,0,2,0,,1681,779,3670,4803,FQ9fpaVnVK7Q4OcDkNzuIcxxLR0bGOJH6L02e-qvYM6hKAg75JcASzTD7aQ9ALn3-Zxh8wNOODnocw,0,,,SUPPORT,0,27,20,13,5,4,4,3,3,3XXCcP0hJq820pl6c0SJzkK5vFmY07KL3YmgRY5BEk56ogQ,224,VoidBBlade,False,100,UTILITY,29,2192,14677,7378,1020,15842,435,0,15,55,265,1,0,50,50,842,0,1,9,0,69,7,10,26,False
killParticipation,2,0,0,0.16216216216216217,8893,12,25,Morgana,0,9,1207,1290,1207,5321,11,5,1,0,False,False,False,False,False,False,8177,7450,UTILITY,0,0,2,3157,3853,2055,6653,0,3158,3364,25,1,4,BOTTOM,0,2,2,400,12944,6548,11329,0,0,1,0,0,0,2,0,,1681,779,3670,4803,FQ9fpaVnVK7Q4OcDkNzuIcxxLR0bGOJH6L02e-qvYM6hKAg75JcASzTD7aQ9ALn3-Zxh8wNOODnocw,0,,,SUPPORT,0,27,20,13,5,4,4,3,3,3XXCcP0hJq820pl6c0SJzkK5vFmY07KL3YmgRY5BEk56ogQ,224,VoidBBlade,False,100,UTILITY,29,2192,14677,7378,1020,15842,435,0,15,55,265,1,0,50,50,842,0,1,9,0,69,7,10,26,False
killedChampTookFullTeamDamageSurvived,2,0,0,0.0,8893,12,25,Morgana,0,9,1207,1290,1207,5321,11,5,1,0,False,False,False,False,False,False,8177,7450,UTILITY,0,0,2,3157,3853,2055,6653,0,3158,3364,25,1,4,BOTTOM,0,2,2,400,12944,6548,11329,0,0,1,0,0,0,2,0,,1681,779,3670,4803,FQ9fpaVnVK7Q4OcDkNzuIcxxLR0bGOJH6L02e-qvYM6hKAg75JcASzTD7aQ9ALn3-Zxh8wNOODnocw,0,,,SUPPORT,0,27,20,13,5,4,4,3,3,3XXCcP0hJq820pl6c0SJzkK5vFmY07KL3YmgRY5BEk56ogQ,224,VoidBBlade,False,100,UTILITY,29,2192,14677,7378,1020,15842,435,0,15,55,265,1,0,50,50,842,0,1,9,0,69,7,10,26,False
killsNearEnemyTurret,2,0,0,0.0,8893,12,25,Morgana,0,9,1207,1290,1207,5321,11,5,1,0,False,False,False,False,False,False,8177,7450,UTILITY,0,0,2,3157,3853,2055,6653,0,3158,3364,25,1,4,BOTTOM,0,2,2,400,12944,6548,11329,0,0,1,0,0,0,2,0,,1681,779,3670,4803,FQ9fpaVnVK7Q4OcDkNzuIcxxLR0bGOJH6L02e-qvYM6hKAg75JcASzTD7aQ9ALn3-Zxh8wNOODnocw,0,,,SUPPORT,0,27,20,13,5,4,4,3,3,3XXCcP0hJq820pl6c0SJzkK5vFmY07KL3YmgRY5BEk56ogQ,224,VoidBBlade,False,100,UTILITY,29,2192,14677,7378,1020,15842,435,0,15,55,265,1,0,50,50,842,0,1,9,0,69,7,10,26,False
killsOnLanersEarlyJungleAsJungler,2,0,0,0.0,8893,12,25,Morgana,0,9,1207,1290,1207,5321,11,5,1,0,False,False,False,False,False,False,8177,7450,UTILITY,0,0,2,3157,3853,2055,6653,0,3158,3364,25,1,4,BOTTOM,0,2,2,400,12944,6548,11329,0,0,1,0,0,0,2,0,,1681,779,3670,4803,FQ9fpaVnVK7Q4OcDkNzuIcxxLR0bGOJH6L02e-qvYM6hKAg75JcASzTD7aQ9ALn3-Zxh8wNOODnocw,0,,,SUPPORT,0,27,20,13,5,4,4,3,3,3XXCcP0hJq820pl6c0SJzkK5vFmY07KL3YmgRY5BEk56ogQ,224,VoidBBlade,False,100,UTILITY,29,2192,14677,7378,1020,15842,435,0,15,55,265,1,0,50,50,842,0,1,9,0,69,7,10,26,False
killsOnOtherLanesEarlyJungleAsLaner,2,0,0,1.0,8893,12,25,Morgana,0,9,1207,1290,1207,5321,11,5,1,0,False,False,False,False,False,False,8177,7450,UTILITY,0,0,2,3157,3853,2055,6653,0,3158,3364,25,1,4,BOTTOM,0,2,2,400,12944,6548,11329,0,0,1,0,0,0,2,0,,1681,779,3670,4803,FQ9fpaVnVK7Q4OcDkNzuIcxxLR0bGOJH6L02e-qvYM6hKAg75JcASzTD7aQ9ALn3-Zxh8wNOODnocw,0,,,SUPPORT,0,27,20,13,5,4,4,3,3,3XXCcP0hJq820pl6c0SJzkK5vFmY07KL3YmgRY5BEk56ogQ,224,VoidBBlade,False,100,UTILITY,29,2192,14677,7378,1020,15842,435,0,15,55,265,1,0,50,50,842,0,1,9,0,69,7,10,26,False
killsOnRecentlyHealedByAramPack,2,0,0,0.0,8893,12,25,Morgana,0,9,1207,1290,1207,5321,11,5,1,0,False,False,False,False,False,False,8177,7450,UTILITY,0,0,2,3157,3853,2055,6653,0,3158,3364,25,1,4,BOTTOM,0,2,2,400,12944,6548,11329,0,0,1,0,0,0,2,0,,1681,779,3670,4803,FQ9fpaVnVK7Q4OcDkNzuIcxxLR0bGOJH6L02e-qvYM6hKAg75JcASzTD7aQ9ALn3-Zxh8wNOODnocw,0,,,SUPPORT,0,27,20,13,5,4,4,3,3,3XXCcP0hJq820pl6c0SJzkK5vFmY07KL3YmgRY5BEk56ogQ,224,VoidBBlade,False,100,UTILITY,29,2192,14677,7378,1020,15842,435,0,15,55,265,1,0,50,50,842,0,1,9,0,69,7,10,26,False
killsUnderOwnTurret,2,0,0,0.0,8893,12,25,Morgana,0,9,1207,1290,1207,5321,11,5,1,0,False,False,False,False,False,False,8177,7450,UTILITY,0,0,2,3157,3853,2055,6653,0,3158,3364,25,1,4,BOTTOM,0,2,2,400,12944,6548,11329,0,0,1,0,0,0,2,0,,1681,779,3670,4803,FQ9fpaVnVK7Q4OcDkNzuIcxxLR0bGOJH6L02e-qvYM6hKAg75JcASzTD7aQ9ALn3-Zxh8wNOODnocw,0,,,SUPPORT,0,27,20,13,5,4,4,3,3,3XXCcP0hJq820pl6c0SJzkK5vFmY07KL3YmgRY5BEk56ogQ,224,VoidBBlade,False,100,UTILITY,29,2192,14677,7378,1020,15842,435,0,15,55,265,1,0,50,50,842,0,1,9,0,69,7,10,26,False
killsWithHelpFromEpicMonster,2,0,0,0.0,8893,12,25,Morgana,0,9,1207,1290,1207,5321,11,5,1,0,False,False,False,False,False,False,8177,7450,UTILITY,0,0,2,3157,3853,2055,6653,0,3158,3364,25,1,4,BOTTOM,0,2,2,400,12944,6548,11329,0,0,1,0,0,0,2,0,,1681,779,3670,4803,FQ9fpaVnVK7Q4OcDkNzuIcxxLR0bGOJH6L02e-qvYM6hKAg75JcASzTD7aQ9ALn3-Zxh8wNOODnocw,0,,,SUPPORT,0,27,20,13,5,4,4,3,3,3XXCcP0hJq820pl6c0SJzkK5vFmY07KL3YmgRY5BEk56ogQ,224,VoidBBlade,False,100,UTILITY,29,2192,14677,7378,1020,15842,435,0,15,55,265,1,0,50,50,842,0,1,9,0,69,7,10,26,False
knockEnemyIntoTeamAndKill,2,0,0,0.0,8893,12,25,Morgana,0,9,1207,1290,1207,5321,11,5,1,0,False,False,False,False,False,False,8177,7450,UTILITY,0,0,2,3157,3853,2055,6653,0,3158,3364,25,1,4,BOTTOM,0,2,2,400,12944,6548,11329,0,0,1,0,0,0,2,0,,1681,779,3670,4803,FQ9fpaVnVK7Q4OcDkNzuIcxxLR0bGOJH6L02e-qvYM6hKAg75JcASzTD7aQ9ALn3-Zxh8wNOODnocw,0,,,SUPPORT,0,27,20,13,5,4,4,3,3,3XXCcP0hJq820pl6c0SJzkK5vFmY07KL3YmgRY5BEk56ogQ,224,VoidBBlade,False,100,UTILITY,29,2192,14677,7378,1020,15842,435,0,15,55,265,1,0,50,50,842,0,1,9,0,69,7,10,26,False
landSkillShotsEarlyGame,2,0,0,3.0,8893,12,25,Morgana,0,9,1207,1290,1207,5321,11,5,1,0,False,False,False,False,False,False,8177,7450,UTILITY,0,0,2,3157,3853,2055,6653,0,3158,3364,25,1,4,BOTTOM,0,2,2,400,12944,6548,11329,0,0,1,0,0,0,2,0,,1681,779,3670,4803,FQ9fpaVnVK7Q4OcDkNzuIcxxLR0bGOJH6L02e-qvYM6hKAg75JcASzTD7aQ9ALn3-Zxh8wNOODnocw,0,,,SUPPORT,0,27,20,13,5,4,4,3,3,3XXCcP0hJq820pl6c0SJzkK5vFmY07KL3YmgRY5BEk56ogQ,224,VoidBBlade,False,100,UTILITY,29,2192,14677,7378,1020,15842,435,0,15,55,265,1,0,50,50,842,0,1,9,0,69,7,10,26,False
laneMinionsFirst10Minutes,2,0,0,0.0,8893,12,25,Morgana,0,9,1207,1290,1207,5321,11,5,1,0,False,False,False,False,False,False,8177,7450,UTILITY,0,0,2,3157,3853,2055,6653,0,3158,3364,25,1,4,BOTTOM,0,2,2,400,12944,6548,11329,0,0,1,0,0,0,2,0,,1681,779,3670,4803,FQ9fpaVnVK7Q4OcDkNzuIcxxLR0bGOJH6L02e-qvYM6hKAg75JcASzTD7aQ9ALn3-Zxh8wNOODnocw,0,,,SUPPORT,0,27,20,13,5,4,4,3,3,3XXCcP0hJq820pl6c0SJzkK5vFmY07KL3YmgRY5BEk56ogQ,224,VoidBBlade,False,100,UTILITY,29,2192,14677,7378,1020,15842,435,0,15,55,265,1,0,50,50,842,0,1,9,0,69,7,10,26,False
laningPhaseGoldExpAdvantage,2,0,0,0.0,8893,12,25,Morgana,0,9,1207,1290,1207,5321,11,5,1,0,False,False,False,False,False,False,8177,7450,UTILITY,0,0,2,3157,3853,2055,6653,0,3158,3364,25,1,4,BOTTOM,0,2,2,400,12944,6548,11329,0,0,1,0,0,0,2,0,,1681,779,3670,4803,FQ9fpaVnVK7Q4OcDkNzuIcxxLR0bGOJH6L02e-qvYM6hKAg75JcASzTD7aQ9ALn3-Zxh8wNOODnocw,0,,,SUPPORT,0,27,20,13,5,4,4,3,3,3XXCcP0hJq820pl6c0SJzkK5vFmY07KL3YmgRY5BEk56ogQ,224,VoidBBlade,False,100,UTILITY,29,2192,14677,7378,1020,15842,435,0,15,55,265,1,0,50,50,842,0,1,9,0,69,7,10,26,False
legendaryCount,2,0,0,0.0,8893,12,25,Morgana,0,9,1207,1290,1207,5321,11,5,1,0,False,False,False,False,False,False,8177,7450,UTILITY,0,0,2,3157,3853,2055,6653,0,3158,3364,25,1,4,BOTTOM,0,2,2,400,12944,6548,11329,0,0,1,0,0,0,2,0,,1681,779,3670,4803,FQ9fpaVnVK7Q4OcDkNzuIcxxLR0bGOJH6L02e-qvYM6hKAg75JcASzTD7aQ9ALn3-Zxh8wNOODnocw,0,,,SUPPORT,0,27,20,13,5,4,4,3,3,3XXCcP0hJq820pl6c0SJzkK5vFmY07KL3YmgRY5BEk56ogQ,224,VoidBBlade,False,100,UTILITY,29,2192,14677,7378,1020,15842,435,0,15,55,265,1,0,50,50,842,0,1,9,0,69,7,10,26,False
lostAnInhibitor,2,0,0,0.0,8893,12,25,Morgana,0,9,1207,1290,1207,5321,11,5,1,0,False,False,False,False,False,False,8177,7450,UTILITY,0,0,2,3157,3853,2055,6653,0,3158,3364,25,1,4,BOTTOM,0,2,2,400,12944,6548,11329,0,0,1,0,0,0,2,0,,1681,779,3670,4803,FQ9fpaVnVK7Q4OcDkNzuIcxxLR0bGOJH6L02e-qvYM6hKAg75JcASzTD7aQ9ALn3-Zxh8wNOODnocw,0,,,SUPPORT,0,27,20,13,5,4,4,3,3,3XXCcP0hJq820pl6c0SJzkK5vFmY07KL3YmgRY5BEk56ogQ,224,VoidBBlade,False,100,UTILITY,29,2192,14677,7378,1020,15842,435,0,15,55,265,1,0,50,50,842,0,1,9,0,69,7,10,26,False
maxCsAdvantageOnLaneOpponent,2,0,0,0.0,8893,12,25,Morgana,0,9,1207,1290,1207,5321,11,5,1,0,False,False,False,False,False,False,8177,7450,UTILITY,0,0,2,3157,3853,2055,6653,0,3158,3364,25,1,4,BOTTOM,0,2,2,400,12944,6548,11329,0,0,1,0,0,0,2,0,,1681,779,3670,4803,FQ9fpaVnVK7Q4OcDkNzuIcxxLR0bGOJH6L02e-qvYM6hKAg75JcASzTD7aQ9ALn3-Zxh8wNOODnocw,0,,,SUPPORT,0,27,20,13,5,4,4,3,3,3XXCcP0hJq820pl6c0SJzkK5vFmY07KL3YmgRY5BEk56ogQ,224,VoidBBlade,False,100,UTILITY,29,2192,14677,7378,1020,15842,435,0,15,55,265,1,0,50,50,842,0,1,9,0,69,7,10,26,False
maxKillDeficit,2,0,0,0.0,8893,12,25,Morgana,0,9,1207,1290,1207,5321,11,5,1,0,False,False,False,False,False,False,8177,7450,UTILITY,0,0,2,3157,3853,2055,6653,0,3158,3364,25,1,4,BOTTOM,0,2,2,400,12944,6548,11329,0,0,1,0,0,0,2,0,,1681,779,3670,4803,FQ9fpaVnVK7Q4OcDkNzuIcxxLR0bGOJH6L02e-qvYM6hKAg75JcASzTD7aQ9ALn3-Zxh8wNOODnocw,0,,,SUPPORT,0,27,20,13,5,4,4,3,3,3XXCcP0hJq820pl6c0SJzkK5vFmY07KL3YmgRY5BEk56ogQ,224,VoidBBlade,False,100,UTILITY,29,2192,14677,7378,1020,15842,435,0,15,55,265,1,0,50,50,842,0,1,9,0,69,7,10,26,False
maxLevelLeadLaneOpponent,2,0,0,1.0,8893,12,25,Morgana,0,9,1207,1290,1207,5321,11,5,1,0,False,False,False,False,False,False,8177,7450,UTILITY,0,0,2,3157,3853,2055,6653,0,3158,3364,25,1,4,BOTTOM,0,2,2,400,12944,6548,11329,0,0,1,0,0,0,2,0,,1681,779,3670,4803,FQ9fpaVnVK7Q4OcDkNzuIcxxLR0bGOJH6L02e-qvYM6hKAg75JcASzTD7aQ9ALn3-Zxh8wNOODnocw,0,,,SUPPORT,0,27,20,13,5,4,4,3,3,3XXCcP0hJq820pl6c0SJzkK5vFmY07KL3YmgRY5BEk56ogQ,224,VoidBBlade,False,100,UTILITY,29,2192,14677,7378,1020,15842,435,0,15,55,265,1,0,50,50,842,0,1,9,0,69,7,10,26,False
moreEnemyJungleThanOpponent,2,0,0,-117.25000008940697,8893,12,25,Morgana,0,9,1207,1290,1207,5321,11,5,1,0,False,False,False,False,False,False,8177,7450,UTILITY,0,0,2,3157,3853,2055,6653,0,3158,3364,25,1,4,BOTTOM,0,2,2,400,12944,6548,11329,0,0,1,0,0,0,2,0,,1681,779,3670,4803,FQ9fpaVnVK7Q4OcDkNzuIcxxLR0bGOJH6L02e-qvYM6hKAg75JcASzTD7aQ9ALn3-Zxh8wNOODnocw,0,,,SUPPORT,0,27,20,13,5,4,4,3,3,3XXCcP0hJq820pl6c0SJzkK5vFmY07KL3YmgRY5BEk56ogQ,224,VoidBBlade,False,100,UTILITY,29,2192,14677,7378,1020,15842,435,0,15,55,265,1,0,50,50,842,0,1,9,0,69,7,10,26,False
multiKillOneSpell,2,0,0,0.0,8893,12,25,Morgana,0,9,1207,1290,1207,5321,11,5,1,0,False,False,False,False,False,False,8177,7450,UTILITY,0,0,2,3157,3853,2055,6653,0,3158,3364,25,1,4,BOTTOM,0,2,2,400,12944,6548,11329,0,0,1,0,0,0,2,0,,1681,779,3670,4803,FQ9fpaVnVK7Q4OcDkNzuIcxxLR0bGOJH6L02e-qvYM6hKAg75JcASzTD7aQ9ALn3-Zxh8wNOODnocw,0,,,SUPPORT,0,27,20,13,5,4,4,3,3,3XXCcP0hJq820pl6c0SJzkK5vFmY07KL3YmgRY5BEk56ogQ,224,VoidBBlade,False,100,UTILITY,29,2192,14677,7378,1020,15842,435,0,15,55,265,1,0,50,50,842,0,1,9,0,69,7,10,26,False
multiTurretRiftHeraldCount,2,0,0,0.0,8893,12,25,Morgana,0,9,1207,1290,1207,5321,11,5,1,0,False,False,False,False,False,False,8177,7450,UTILITY,0,0,2,3157,3853,2055,6653,0,3158,3364,25,1,4,BOTTOM,0,2,2,400,12944,6548,11329,0,0,1,0,0,0,2,0,,1681,779,3670,4803,FQ9fpaVnVK7Q4OcDkNzuIcxxLR0bGOJH6L02e-qvYM6hKAg75JcASzTD7aQ9ALn3-Zxh8wNOODnocw,0,,,SUPPORT,0,27,20,13,5,4,4,3,3,3XXCcP0hJq820pl6c0SJzkK5vFmY07KL3YmgRY5BEk56ogQ,224,VoidBBlade,False,100,UTILITY,29,2192,14677,7378,1020,15842,435,0,15,55,265,1,0,50,50,842,0,1,9,0,69,7,10,26,False
multikills,2,0,0,1.0,8893,12,25,Morgana,0,9,1207,1290,1207,5321,11,5,1,0,False,False,False,False,False,False,8177,7450,UTILITY,0,0,2,3157,3853,2055,6653,0,3158,3364,25,1,4,BOTTOM,0,2,2,400,12944,6548,11329,0,0,1,0,0,0,2,0,,1681,779,3670,4803,FQ9fpaVnVK7Q4OcDkNzuIcxxLR0bGOJH6L02e-qvYM6hKAg75JcASzTD7aQ9ALn3-Zxh8wNOODnocw,0,,,SUPPORT,0,27,20,13,5,4,4,3,3,3XXCcP0hJq820pl6c0SJzkK5vFmY07KL3YmgRY5BEk56ogQ,224,VoidBBlade,False,100,UTILITY,29,2192,14677,7378,1020,15842,435,0,15,55,265,1,0,50,50,842,0,1,9,0,69,7,10,26,False
multikillsAfterAggressiveFlash,2,0,0,0.0,8893,12,25,Morgana,0,9,1207,1290,1207,5321,11,5,1,0,False,False,False,False,False,False,8177,7450,UTILITY,0,0,2,3157,3853,2055,6653,0,3158,3364,25,1,4,BOTTOM,0,2,2,400,12944,6548,11329,0,0,1,0,0,0,2,0,,1681,779,3670,4803,FQ9fpaVnVK7Q4OcDkNzuIcxxLR0bGOJH6L02e-qvYM6hKAg75JcASzTD7aQ9ALn3-Zxh8wNOODnocw,0,,,SUPPORT,0,27,20,13,5,4,4,3,3,3XXCcP0hJq820pl6c0SJzkK5vFmY07KL3YmgRY5BEk56ogQ,224,VoidBBlade,False,100,UTILITY,29,2192,14677,7378,1020,15842,435,0,15,55,265,1,0,50,50,842,0,1,9,0,69,7,10,26,False
mythicItemUsed,2,0,0,6653.0,8893,12,25,Morgana,0,9,1207,1290,1207,5321,11,5,1,0,False,False,False,False,False,False,8177,7450,UTILITY,0,0,2,3157,3853,2055,6653,0,3158,3364,25,1,4,BOTTOM,0,2,2,400,12944,6548,11329,0,0,1,0,0,0,2,0,,1681,779,3670,4803,FQ9fpaVnVK7Q4OcDkNzuIcxxLR0bGOJH6L02e-qvYM6hKAg75JcASzTD7aQ9ALn3-Zxh8wNOODnocw,0,,,SUPPORT,0,27,20,13,5,4,4,3,3,3XXCcP0hJq820pl6c0SJzkK5vFmY07KL3YmgRY5BEk56ogQ,224,VoidBBlade,False,100,UTILITY,29,2192,14677,7378,1020,15842,435,0,15,55,265,1,0,50,50,842,0,1,9,0,69,7,10,26,False
outerTurretExecutesBefore10Minutes,2,0,0,0.0,8893,12,25,Morgana,0,9,1207,1290,1207,5321,11,5,1,0,False,False,False,False,False,False,8177,7450,UTILITY,0,0,2,3157,3853,2055,6653,0,3158,3364,25,1,4,BOTTOM,0,2,2,400,12944,6548,11329,0,0,1,0,0,0,2,0,,1681,779,3670,4803,FQ9fpaVnVK7Q4OcDkNzuIcxxLR0bGOJH6L02e-qvYM6hKAg75JcASzTD7aQ9ALn3-Zxh8wNOODnocw,0,,,SUPPORT,0,27,20,13,5,4,4,3,3,3XXCcP0hJq820pl6c0SJzkK5vFmY07KL3YmgRY5BEk56ogQ,224,VoidBBlade,False,100,UTILITY,29,2192,14677,7378,1020,15842,435,0,15,55,265,1,0,50,50,842,0,1,9,0,69,7,10,26,False
outnumberedKills,2,0,0,0.0,8893,12,25,Morgana,0,9,1207,1290,1207,5321,11,5,1,0,False,False,False,False,False,False,8177,7450,UTILITY,0,0,2,3157,3853,2055,6653,0,3158,3364,25,1,4,BOTTOM,0,2,2,400,12944,6548,11329,0,0,1,0,0,0,2,0,,1681,779,3670,4803,FQ9fpaVnVK7Q4OcDkNzuIcxxLR0bGOJH6L02e-qvYM6hKAg75JcASzTD7aQ9ALn3-Zxh8wNOODnocw,0,,,SUPPORT,0,27,20,13,5,4,4,3,3,3XXCcP0hJq820pl6c0SJzkK5vFmY07KL3YmgRY5BEk56ogQ,224,VoidBBlade,False,100,UTILITY,29,2192,14677,7378,1020,15842,435,0,15,55,265,1,0,50,50,842,0,1,9,0,69,7,10,26,False
outnumberedNexusKill,2,0,0,0.0,8893,12,25,Morgana,0,9,1207,1290,1207,5321,11,5,1,0,False,False,False,False,False,False,8177,7450,UTILITY,0,0,2,3157,3853,2055,6653,0,3158,3364,25,1,4,BOTTOM,0,2,2,400,12944,6548,11329,0,0,1,0,0,0,2,0,,1681,779,3670,4803,FQ9fpaVnVK7Q4OcDkNzuIcxxLR0bGOJH6L02e-qvYM6hKAg75JcASzTD7aQ9ALn3-Zxh8wNOODnocw,0,,,SUPPORT,0,27,20,13,5,4,4,3,3,3XXCcP0hJq820pl6c0SJzkK5vFmY07KL3YmgRY5BEk56ogQ,224,VoidBBlade,False,100,UTILITY,29,2192,14677,7378,1020,15842,435,0,15,55,265,1,0,50,50,842,0,1,9,0,69,7,10,26,False
perfectDragonSoulsTaken,2,0,0,0.0,8893,12,25,Morgana,0,9,1207,1290,1207,5321,11,5,1,0,False,False,False,False,False,False,8177,7450,UTILITY,0,0,2,3157,3853,2055,6653,0,3158,3364,25,1,4,BOTTOM,0,2,2,400,12944,6548,11329,0,0,1,0,0,0,2,0,,1681,779,3670,4803,FQ9fpaVnVK7Q4OcDkNzuIcxxLR0bGOJH6L02e-qvYM6hKAg75JcASzTD7aQ9ALn3-Zxh8wNOODnocw,0,,,SUPPORT,0,27,20,13,5,4,4,3,3,3XXCcP0hJq820pl6c0SJzkK5vFmY07KL3YmgRY5BEk56ogQ,224,VoidBBlade,False,100,UTILITY,29,2192,14677,7378,1020,15842,435,0,15,55,265,1,0,50,50,842,0,1,9,0,69,7,10,26,False
perfectGame,2,0,0,0.0,8893,12,25,Morgana,0,9,1207,1290,1207,5321,11,5,1,0,False,False,False,False,False,False,8177,7450,UTILITY,0,0,2,3157,3853,2055,6653,0,3158,3364,25,1,4,BOTTOM,0,2,2,400,12944,6548,11329,0,0,1,0,0,0,2,0,,1681,779,3670,4803,FQ9fpaVnVK7Q4OcDkNzuIcxxLR0bGOJH6L02e-qvYM6hKAg75JcASzTD7aQ9ALn3-Zxh8wNOODnocw,0,,,SUPPORT,0,27,20,13,5,4,4,3,3,3XXCcP0hJq820pl6c0SJzkK5vFmY07KL3YmgRY5BEk56ogQ,224,VoidBBlade,False,100,UTILITY,29,2192,14677,7378,1020,15842,435,0,15,55,265,1,0,50,50,842,0,1,9,0,69,7,10,26,False
pickKillWithAlly,2,0,0,4.0,8893,12,25,Morgana,0,9,1207,1290,1207,5321,11,5,1,0,False,False,False,False,False,False,8177,7450,UTILITY,0,0,2,3157,3853,2055,6653,0,3158,3364,25,1,4,BOTTOM,0,2,2,400,12944,6548,11329,0,0,1,0,0,0,2,0,,1681,779,3670,4803,FQ9fpaVnVK7Q4OcDkNzuIcxxLR0bGOJH6L02e-qvYM6hKAg75JcASzTD7aQ9ALn3-Zxh8wNOODnocw,0,,,SUPPORT,0,27,20,13,5,4,4,3,3,3XXCcP0hJq820pl6c0SJzkK5vFmY07KL3YmgRY5BEk56ogQ,224,VoidBBlade,False,100,UTILITY,29,2192,14677,7378,1020,15842,435,0,15,55,265,1,0,50,50,842,0,1,9,0,69,7,10,26,False
poroExplosions,2,0,0,0.0,8893,12,25,Morgana,0,9,1207,1290,1207,5321,11,5,1,0,False,False,False,False,False,False,8177,7450,UTILITY,0,0,2,3157,3853,2055,6653,0,3158,3364,25,1,4,BOTTOM,0,2,2,400,12944,6548,11329,0,0,1,0,0,0,2,0,,1681,779,3670,4803,FQ9fpaVnVK7Q4OcDkNzuIcxxLR0bGOJH6L02e-qvYM6hKAg75JcASzTD7aQ9ALn3-Zxh8wNOODnocw,0,,,SUPPORT,0,27,20,13,5,4,4,3,3,3XXCcP0hJq820pl6c0SJzkK5vFmY07KL3YmgRY5BEk56ogQ,224,VoidBBlade,False,100,UTILITY,29,2192,14677,7378,1020,15842,435,0,15,55,265,1,0,50,50,842,0,1,9,0,69,7,10,26,False
quickCleanse,2,0,0,0.0,8893,12,25,Morgana,0,9,1207,1290,1207,5321,11,5,1,0,False,False,False,False,False,False,8177,7450,UTILITY,0,0,2,3157,3853,2055,6653,0,3158,3364,25,1,4,BOTTOM,0,2,2,400,12944,6548,11329,0,0,1,0,0,0,2,0,,1681,779,3670,4803,FQ9fpaVnVK7Q4OcDkNzuIcxxLR0bGOJH6L02e-qvYM6hKAg75JcASzTD7aQ9ALn3-Zxh8wNOODnocw,0,,,SUPPORT,0,27,20,13,5,4,4,3,3,3XXCcP0hJq820pl6c0SJzkK5vFmY07KL3YmgRY5BEk56ogQ,224,VoidBBlade,False,100,UTILITY,29,2192,14677,7378,1020,15842,435,0,15,55,265,1,0,50,50,842,0,1,9,0,69,7,10,26,False
quickFirstTurret,2,0,0,0.0,8893,12,25,Morgana,0,9,1207,1290,1207,5321,11,5,1,0,False,False,False,False,False,False,8177,7450,UTILITY,0,0,2,3157,3853,2055,6653,0,3158,3364,25,1,4,BOTTOM,0,2,2,400,12944,6548,11329,0,0,1,0,0,0,2,0,,1681,779,3670,4803,FQ9fpaVnVK7Q4OcDkNzuIcxxLR0bGOJH6L02e-qvYM6hKAg75JcASzTD7aQ9ALn3-Zxh8wNOODnocw,0,,,SUPPORT,0,27,20,13,5,4,4,3,3,3XXCcP0hJq820pl6c0SJzkK5vFmY07KL3YmgRY5BEk56ogQ,224,VoidBBlade,False,100,UTILITY,29,2192,14677,7378,1020,15842,435,0,15,55,265,1,0,50,50,842,0,1,9,0,69,7,10,26,False
quickSoloKills,2,0,0,0.0,8893,12,25,Morgana,0,9,1207,1290,1207,5321,11,5,1,0,False,False,False,False,False,False,8177,7450,UTILITY,0,0,2,3157,3853,2055,6653,0,3158,3364,25,1,4,BOTTOM,0,2,2,400,12944,6548,11329,0,0,1,0,0,0,2,0,,1681,779,3670,4803,FQ9fpaVnVK7Q4OcDkNzuIcxxLR0bGOJH6L02e-qvYM6hKAg75JcASzTD7aQ9ALn3-Zxh8wNOODnocw,0,,,SUPPORT,0,27,20,13,5,4,4,3,3,3XXCcP0hJq820pl6c0SJzkK5vFmY07KL3YmgRY5BEk56ogQ,224,VoidBBlade,False,100,UTILITY,29,2192,14677,7378,1020,15842,435,0,15,55,265,1,0,50,50,842,0,1,9,0,69,7,10,26,False
riftHeraldTakedowns,2,0,0,0.0,8893,12,25,Morgana,0,9,1207,1290,1207,5321,11,5,1,0,False,False,False,False,False,False,8177,7450,UTILITY,0,0,2,3157,3853,2055,6653,0,3158,3364,25,1,4,BOTTOM,0,2,2,400,12944,6548,11329,0,0,1,0,0,0,2,0,,1681,779,3670,4803,FQ9fpaVnVK7Q4OcDkNzuIcxxLR0bGOJH6L02e-qvYM6hKAg75JcASzTD7aQ9ALn3-Zxh8wNOODnocw,0,,,SUPPORT,0,27,20,13,5,4,4,3,3,3XXCcP0hJq820pl6c0SJzkK5vFmY07KL3YmgRY5BEk56ogQ,224,VoidBBlade,False,100,UTILITY,29,2192,14677,7378,1020,15842,435,0,15,55,265,1,0,50,50,842,0,1,9,0,69,7,10,26,False
saveAllyFromDeath,2,0,0,1.0,8893,12,25,Morgana,0,9,1207,1290,1207,5321,11,5,1,0,False,False,False,False,False,False,8177,7450,UTILITY,0,0,2,3157,3853,2055,6653,0,3158,3364,25,1,4,BOTTOM,0,2,2,400,12944,6548,11329,0,0,1,0,0,0,2,0,,1681,779,3670,4803,FQ9fpaVnVK7Q4OcDkNzuIcxxLR0bGOJH6L02e-qvYM6hKAg75JcASzTD7aQ9ALn3-Zxh8wNOODnocw,0,,,SUPPORT,0,27,20,13,5,4,4,3,3,3XXCcP0hJq820pl6c0SJzkK5vFmY07KL3YmgRY5BEk56ogQ,224,VoidBBlade,False,100,UTILITY,29,2192,14677,7378,1020,15842,435,0,15,55,265,1,0,50,50,842,0,1,9,0,69,7,10,26,False
scuttleCrabKills,2,0,0,0.0,8893,12,25,Morgana,0,9,1207,1290,1207,5321,11,5,1,0,False,False,False,False,False,False,8177,7450,UTILITY,0,0,2,3157,3853,2055,6653,0,3158,3364,25,1,4,BOTTOM,0,2,2,400,12944,6548,11329,0,0,1,0,0,0,2,0,,1681,779,3670,4803,FQ9fpaVnVK7Q4OcDkNzuIcxxLR0bGOJH6L02e-qvYM6hKAg75JcASzTD7aQ9ALn3-Zxh8wNOODnocw,0,,,SUPPORT,0,27,20,13,5,4,4,3,3,3XXCcP0hJq820pl6c0SJzkK5vFmY07KL3YmgRY5BEk56ogQ,224,VoidBBlade,False,100,UTILITY,29,2192,14677,7378,1020,15842,435,0,15,55,265,1,0,50,50,842,0,1,9,0,69,7,10,26,False
skillshotsDodged,2,0,0,28.0,8893,12,25,Morgana,0,9,1207,1290,1207,5321,11,5,1,0,False,False,False,False,False,False,8177,7450,UTILITY,0,0,2,3157,3853,2055,6653,0,3158,3364,25,1,4,BOTTOM,0,2,2,400,12944,6548,11329,0,0,1,0,0,0,2,0,,1681,779,3670,4803,FQ9fpaVnVK7Q4OcDkNzuIcxxLR0bGOJH6L02e-qvYM6hKAg75JcASzTD7aQ9ALn3-Zxh8wNOODnocw,0,,,SUPPORT,0,27,20,13,5,4,4,3,3,3XXCcP0hJq820pl6c0SJzkK5vFmY07KL3YmgRY5BEk56ogQ,224,VoidBBlade,False,100,UTILITY,29,2192,14677,7378,1020,15842,435,0,15,55,265,1,0,50,50,842,0,1,9,0,69,7,10,26,False
skillshotsHit,2,0,0,16.0,8893,12,25,Morgana,0,9,1207,1290,1207,5321,11,5,1,0,False,False,False,False,False,False,8177,7450,UTILITY,0,0,2,3157,3853,2055,6653,0,3158,3364,25,1,4,BOTTOM,0,2,2,400,12944,6548,11329,0,0,1,0,0,0,2,0,,1681,779,3670,4803,FQ9fpaVnVK7Q4OcDkNzuIcxxLR0bGOJH6L02e-qvYM6hKAg75JcASzTD7aQ9ALn3-Zxh8wNOODnocw,0,,,SUPPORT,0,27,20,13,5,4,4,3,3,3XXCcP0hJq820pl6c0SJzkK5vFmY07KL3YmgRY5BEk56ogQ,224,VoidBBlade,False,100,UTILITY,29,2192,14677,7378,1020,15842,435,0,15,55,265,1,0,50,50,842,0,1,9,0,69,7,10,26,False
snowballsHit,2,0,0,0.0,8893,12,25,Morgana,0,9,1207,1290,1207,5321,11,5,1,0,False,False,False,False,False,False,8177,7450,UTILITY,0,0,2,3157,3853,2055,6653,0,3158,3364,25,1,4,BOTTOM,0,2,2,400,12944,6548,11329,0,0,1,0,0,0,2,0,,1681,779,3670,4803,FQ9fpaVnVK7Q4OcDkNzuIcxxLR0bGOJH6L02e-qvYM6hKAg75JcASzTD7aQ9ALn3-Zxh8wNOODnocw,0,,,SUPPORT,0,27,20,13,5,4,4,3,3,3XXCcP0hJq820pl6c0SJzkK5vFmY07KL3YmgRY5BEk56ogQ,224,VoidBBlade,False,100,UTILITY,29,2192,14677,7378,1020,15842,435,0,15,55,265,1,0,50,50,842,0,1,9,0,69,7,10,26,False
soloBaronKills,2,0,0,0.0,8893,12,25,Morgana,0,9,1207,1290,1207,5321,11,5,1,0,False,False,False,False,False,False,8177,7450,UTILITY,0,0,2,3157,3853,2055,6653,0,3158,3364,25,1,4,BOTTOM,0,2,2,400,12944,6548,11329,0,0,1,0,0,0,2,0,,1681,779,3670,4803,FQ9fpaVnVK7Q4OcDkNzuIcxxLR0bGOJH6L02e-qvYM6hKAg75JcASzTD7aQ9ALn3-Zxh8wNOODnocw,0,,,SUPPORT,0,27,20,13,5,4,4,3,3,3XXCcP0hJq820pl6c0SJzkK5vFmY07KL3YmgRY5BEk56ogQ,224,VoidBBlade,False,100,UTILITY,29,2192,14677,7378,1020,15842,435,0,15,55,265,1,0,50,50,842,0,1,9,0,69,7,10,26,False
soloKills,2,0,0,0.0,8893,12,25,Morgana,0,9,1207,1290,1207,5321,11,5,1,0,False,False,False,False,False,False,8177,7450,UTILITY,0,0,2,3157,3853,2055,6653,0,3158,3364,25,1,4,BOTTOM,0,2,2,400,12944,6548,11329,0,0,1,0,0,0,2,0,,1681,779,3670,4803,FQ9fpaVnVK7Q4OcDkNzuIcxxLR0bGOJH6L02e-qvYM6hKAg75JcASzTD7aQ9ALn3-Zxh8wNOODnocw,0,,,SUPPORT,0,27,20,13,5,4,4,3,3,3XXCcP0hJq820pl6c0SJzkK5vFmY07KL3YmgRY5BEk56ogQ,224,VoidBBlade,False,100,UTILITY,29,2192,14677,7378,1020,15842,435,0,15,55,265,1,0,50,50,842,0,1,9,0,69,7,10,26,False
soloTurretsLategame,2,0,0,2.0,8893,12,25,Morgana,0,9,1207,1290,1207,5321,11,5,1,0,False,False,False,False,False,False,8177,7450,UTILITY,0,0,2,3157,3853,2055,6653,0,3158,3364,25,1,4,BOTTOM,0,2,2,400,12944,6548,11329,0,0,1,0,0,0,2,0,,1681,779,3670,4803,FQ9fpaVnVK7Q4OcDkNzuIcxxLR0bGOJH6L02e-qvYM6hKAg75JcASzTD7aQ9ALn3-Zxh8wNOODnocw,0,,,SUPPORT,0,27,20,13,5,4,4,3,3,3XXCcP0hJq820pl6c0SJzkK5vFmY07KL3YmgRY5BEk56ogQ,224,VoidBBlade,False,100,UTILITY,29,2192,14677,7378,1020,15842,435,0,15,55,265,1,0,50,50,842,0,1,9,0,69,7,10,26,False
stealthWardsPlaced,2,0,0,21.0,8893,12,25,Morgana,0,9,1207,1290,1207,5321,11,5,1,0,False,False,False,False,False,False,8177,7450,UTILITY,0,0,2,3157,3853,2055,6653,0,3158,3364,25,1,4,BOTTOM,0,2,2,400,12944,6548,11329,0,0,1,0,0,0,2,0,,1681,779,3670,4803,FQ9fpaVnVK7Q4OcDkNzuIcxxLR0bGOJH6L02e-qvYM6hKAg75JcASzTD7aQ9ALn3-Zxh8wNOODnocw,0,,,SUPPORT,0,27,20,13,5,4,4,3,3,3XXCcP0hJq820pl6c0SJzkK5vFmY07KL3YmgRY5BEk56ogQ,224,VoidBBlade,False,100,UTILITY,29,2192,14677,7378,1020,15842,435,0,15,55,265,1,0,50,50,842,0,1,9,0,69,7,10,26,False
survivedSingleDigitHpCount,2,0,0,0.0,8893,12,25,Morgana,0,9,1207,1290,1207,5321,11,5,1,0,False,False,False,False,False,False,8177,7450,UTILITY,0,0,2,3157,3853,2055,6653,0,3158,3364,25,1,4,BOTTOM,0,2,2,400,12944,6548,11329,0,0,1,0,0,0,2,0,,1681,779,3670,4803,FQ9fpaVnVK7Q4OcDkNzuIcxxLR0bGOJH6L02e-qvYM6hKAg75JcASzTD7aQ9ALn3-Zxh8wNOODnocw,0,,,SUPPORT,0,27,20,13,5,4,4,3,3,3XXCcP0hJq820pl6c0SJzkK5vFmY07KL3YmgRY5BEk56ogQ,224,VoidBBlade,False,100,UTILITY,29,2192,14677,7378,1020,15842,435,0,15,55,265,1,0,50,50,842,0,1,9,0,69,7,10,26,False
survivedThreeImmobilizesInFight,2,0,0,4.0,8893,12,25,Morgana,0,9,1207,1290,1207,5321,11,5,1,0,False,False,False,False,False,False,8177,7450,UTILITY,0,0,2,3157,3853,2055,6653,0,3158,3364,25,1,4,BOTTOM,0,2,2,400,12944,6548,11329,0,0,1,0,0,0,2,0,,1681,779,3670,4803,FQ9fpaVnVK7Q4OcDkNzuIcxxLR0bGOJH6L02e-qvYM6hKAg75JcASzTD7aQ9ALn3-Zxh8wNOODnocw,0,,,SUPPORT,0,27,20,13,5,4,4,3,3,3XXCcP0hJq820pl6c0SJzkK5vFmY07KL3YmgRY5BEk56ogQ,224,VoidBBlade,False,100,UTILITY,29,2192,14677,7378,1020,15842,435,0,15,55,265,1,0,50,50,842,0,1,9,0,69,7,10,26,False
takedownOnFirstTurret,2,0,0,0.0,8893,12,25,Morgana,0,9,1207,1290,1207,5321,11,5,1,0,False,False,False,False,False,False,8177,7450,UTILITY,0,0,2,3157,3853,2055,6653,0,3158,3364,25,1,4,BOTTOM,0,2,2,400,12944,6548,11329,0,0,1,0,0,0,2,0,,1681,779,3670,4803,FQ9fpaVnVK7Q4OcDkNzuIcxxLR0bGOJH6L02e-qvYM6hKAg75JcASzTD7aQ9ALn3-Zxh8wNOODnocw,0,,,SUPPORT,0,27,20,13,5,4,4,3,3,3XXCcP0hJq820pl6c0SJzkK5vFmY07KL3YmgRY5BEk56ogQ,224,VoidBBlade,False,100,UTILITY,29,2192,14677,7378,1020,15842,435,0,15,55,265,1,0,50,50,842,0,1,9,0,69,7,10,26,False
takedowns,2,0,0,6.0,8893,12,25,Morgana,0,9,1207,1290,1207,5321,11,5,1,0,False,False,False,False,False,False,8177,7450,UTILITY,0,0,2,3157,3853,2055,6653,0,3158,3364,25,1,4,BOTTOM,0,2,2,400,12944,6548,11329,0,0,1,0,0,0,2,0,,1681,779,3670,4803,FQ9fpaVnVK7Q4OcDkNzuIcxxLR0bGOJH6L02e-qvYM6hKAg75JcASzTD7aQ9ALn3-Zxh8wNOODnocw,0,,,SUPPORT,0,27,20,13,5,4,4,3,3,3XXCcP0hJq820pl6c0SJzkK5vFmY07KL3YmgRY5BEk56ogQ,224,VoidBBlade,False,100,UTILITY,29,2192,14677,7378,1020,15842,435,0,15,55,265,1,0,50,50,842,0,1,9,0,69,7,10,26,False
takedownsAfterGainingLevelAdvantage,2,0,0,0.0,8893,12,25,Morgana,0,9,1207,1290,1207,5321,11,5,1,0,False,False,False,False,False,False,8177,7450,UTILITY,0,0,2,3157,3853,2055,6653,0,3158,3364,25,1,4,BOTTOM,0,2,2,400,12944,6548,11329,0,0,1,0,0,0,2,0,,1681,779,3670,4803,FQ9fpaVnVK7Q4OcDkNzuIcxxLR0bGOJH6L02e-qvYM6hKAg75JcASzTD7aQ9ALn3-Zxh8wNOODnocw,0,,,SUPPORT,0,27,20,13,5,4,4,3,3,3XXCcP0hJq820pl6c0SJzkK5vFmY07KL3YmgRY5BEk56ogQ,224,VoidBBlade,False,100,UTILITY,29,2192,14677,7378,1020,15842,435,0,15,55,265,1,0,50,50,842,0,1,9,0,69,7,10,26,False
takedownsBeforeJungleMinionSpawn,2,0,0,2.0,8893,12,25,Morgana,0,9,1207,1290,1207,5321,11,5,1,0,False,False,False,False,False,False,8177,7450,UTILITY,0,0,2,3157,3853,2055,6653,0,3158,3364,25,1,4,BOTTOM,0,2,2,400,12944,6548,11329,0,0,1,0,0,0,2,0,,1681,779,3670,4803,FQ9fpaVnVK7Q4OcDkNzuIcxxLR0bGOJH6L02e-qvYM6hKAg75JcASzTD7aQ9ALn3-Zxh8wNOODnocw,0,,,SUPPORT,0,27,20,13,5,4,4,3,3,3XXCcP0hJq820pl6c0SJzkK5vFmY07KL3YmgRY5BEk56ogQ,224,VoidBBlade,False,100,UTILITY,29,2192,14677,7378,1020,15842,435,0,15,55,265,1,0,50,50,842,0,1,9,0,69,7,10,26,False
takedownsFirst25Minutes,2,0,0,4.0,8893,12,25,Morgana,0,9,1207,1290,1207,5321,11,5,1,0,False,False,False,False,False,False,8177,7450,UTILITY,0,0,2,3157,3853,2055,6653,0,3158,3364,25,1,4,BOTTOM,0,2,2,400,12944,6548,11329,0,0,1,0,0,0,2,0,,1681,779,3670,4803,FQ9fpaVnVK7Q4OcDkNzuIcxxLR0bGOJH6L02e-qvYM6hKAg75JcASzTD7aQ9ALn3-Zxh8wNOODnocw,0,,,SUPPORT,0,27,20,13,5,4,4,3,3,3XXCcP0hJq820pl6c0SJzkK5vFmY07KL3YmgRY5BEk56ogQ,224,VoidBBlade,False,100,UTILITY,29,2192,14677,7378,1020,15842,435,0,15,55,265,1,0,50,50,842,0,1,9,0,69,7,10,26,False
takedownsInAlcove,2,0,0,1.0,8893,12,25,Morgana,0,9,1207,1290,1207,5321,11,5,1,0,False,False,False,False,False,False,8177,7450,UTILITY,0,0,2,3157,3853,2055,6653,0,3158,3364,25,1,4,BOTTOM,0,2,2,400,12944,6548,11329,0,0,1,0,0,0,2,0,,1681,779,3670,4803,FQ9fpaVnVK7Q4OcDkNzuIcxxLR0bGOJH6L02e-qvYM6hKAg75JcASzTD7aQ9ALn3-Zxh8wNOODnocw,0,,,SUPPORT,0,27,20,13,5,4,4,3,3,3XXCcP0hJq820pl6c0SJzkK5vFmY07KL3YmgRY5BEk56ogQ,224,VoidBBlade,False,100,UTILITY,29,2192,14677,7378,1020,15842,435,0,15,55,265,1,0,50,50,842,0,1,9,0,69,7,10,26,False
takedownsInEnemyFountain,2,0,0,0.0,8893,12,25,Morgana,0,9,1207,1290,1207,5321,11,5,1,0,False,False,False,False,False,False,8177,7450,UTILITY,0,0,2,3157,3853,2055,6653,0,3158,3364,25,1,4,BOTTOM,0,2,2,400,12944,6548,11329,0,0,1,0,0,0,2,0,,1681,779,3670,4803,FQ9fpaVnVK7Q4OcDkNzuIcxxLR0bGOJH6L02e-qvYM6hKAg75JcASzTD7aQ9ALn3-Zxh8wNOODnocw,0,,,SUPPORT,0,27,20,13,5,4,4,3,3,3XXCcP0hJq820pl6c0SJzkK5vFmY07KL3YmgRY5BEk56ogQ,224,VoidBBlade,False,100,UTILITY,29,2192,14677,7378,1020,15842,435,0,15,55,265,1,0,50,50,842,0,1,9,0,69,7,10,26,False
teamBaronKills,2,0,0,0.0,8893,12,25,Morgana,0,9,1207,1290,1207,5321,11,5,1,0,False,False,False,False,False,False,8177,7450,UTILITY,0,0,2,3157,3853,2055,6653,0,3158,3364,25,1,4,BOTTOM,0,2,2,400,12944,6548,11329,0,0,1,0,0,0,2,0,,1681,779,3670,4803,FQ9fpaVnVK7Q4OcDkNzuIcxxLR0bGOJH6L02e-qvYM6hKAg75JcASzTD7aQ9ALn3-Zxh8wNOODnocw,0,,,SUPPORT,0,27,20,13,5,4,4,3,3,3XXCcP0hJq820pl6c0SJzkK5vFmY07KL3YmgRY5BEk56ogQ,224,VoidBBlade,False,100,UTILITY,29,2192,14677,7378,1020,15842,435,0,15,55,265,1,0,50,50,842,0,1,9,0,69,7,10,26,False
teamDamagePercentage,2,0,0,0.07940045221764457,8893,12,25,Morgana,0,9,1207,1290,1207,5321,11,5,1,0,False,False,False,False,False,False,8177,7450,UTILITY,0,0,2,3157,3853,2055,6653,0,3158,3364,25,1,4,BOTTOM,0,2,2,400,12944,6548,11329,0,0,1,0,0,0,2,0,,1681,779,3670,4803,FQ9fpaVnVK7Q4OcDkNzuIcxxLR0bGOJH6L02e-qvYM6hKAg75JcASzTD7aQ9ALn3-Zxh8wNOODnocw,0,,,SUPPORT,0,27,20,13,5,4,4,3,3,3XXCcP0hJq820pl6c0SJzkK5vFmY07KL3YmgRY5BEk56ogQ,224,VoidBBlade,False,100,UTILITY,29,2192,14677,7378,1020,15842,435,0,15,55,265,1,0,50,50,842,0,1,9,0,69,7,10,26,False
teamElderDragonKills,2,0,0,0.0,8893,12,25,Morgana,0,9,1207,1290,1207,5321,11,5,1,0,False,False,False,False,False,False,8177,7450,UTILITY,0,0,2,3157,3853,2055,6653,0,3158,3364,25,1,4,BOTTOM,0,2,2,400,12944,6548,11329,0,0,1,0,0,0,2,0,,1681,779,3670,4803,FQ9fpaVnVK7Q4OcDkNzuIcxxLR0bGOJH6L02e-qvYM6hKAg75JcASzTD7aQ9ALn3-Zxh8wNOODnocw,0,,,SUPPORT,0,27,20,13,5,4,4,3,3,3XXCcP0hJq820pl6c0SJzkK5vFmY07KL3YmgRY5BEk56ogQ,224,VoidBBlade,False,100,UTILITY,29,2192,14677,7378,1020,15842,435,0,15,55,265,1,0,50,50,842,0,1,9,0,69,7,10,26,False
teamRiftHeraldKills,2,0,0,1.0,8893,12,25,Morgana,0,9,1207,1290,1207,5321,11,5,1,0,False,False,False,False,False,False,8177,7450,UTILITY,0,0,2,3157,3853,2055,6653,0,3158,3364,25,1,4,BOTTOM,0,2,2,400,12944,6548,11329,0,0,1,0,0,0,2,0,,1681,779,3670,4803,FQ9fpaVnVK7Q4OcDkNzuIcxxLR0bGOJH6L02e-qvYM6hKAg75JcASzTD7aQ9ALn3-Zxh8wNOODnocw,0,,,SUPPORT,0,27,20,13,5,4,4,3,3,3XXCcP0hJq820pl6c0SJzkK5vFmY07KL3YmgRY5BEk56ogQ,224,VoidBBlade,False,100,UTILITY,29,2192,14677,7378,1020,15842,435,0,15,55,265,1,0,50,50,842,0,1,9,0,69,7,10,26,False
threeWardsOneSweeperCount,2,0,0,0.0,8893,12,25,Morgana,0,9,1207,1290,1207,5321,11,5,1,0,False,False,False,False,False,False,8177,7450,UTILITY,0,0,2,3157,3853,2055,6653,0,3158,3364,25,1,4,BOTTOM,0,2,2,400,12944,6548,11329,0,0,1,0,0,0,2,0,,1681,779,3670,4803,FQ9fpaVnVK7Q4OcDkNzuIcxxLR0bGOJH6L02e-qvYM6hKAg75JcASzTD7aQ9ALn3-Zxh8wNOODnocw,0,,,SUPPORT,0,27,20,13,5,4,4,3,3,3XXCcP0hJq820pl6c0SJzkK5vFmY07KL3YmgRY5BEk56ogQ,224,VoidBBlade,False,100,UTILITY,29,2192,14677,7378,1020,15842,435,0,15,55,265,1,0,50,50,842,0,1,9,0,69,7,10,26,False
tookLargeDamageSurvived,2,0,0,0.0,8893,12,25,Morgana,0,9,1207,1290,1207,5321,11,5,1,0,False,False,False,False,False,False,8177,7450,UTILITY,0,0,2,3157,3853,2055,6653,0,3158,3364,25,1,4,BOTTOM,0,2,2,400,12944,6548,11329,0,0,1,0,0,0,2,0,,1681,779,3670,4803,FQ9fpaVnVK7Q4OcDkNzuIcxxLR0bGOJH6L02e-qvYM6hKAg75JcASzTD7aQ9ALn3-Zxh8wNOODnocw,0,,,SUPPORT,0,27,20,13,5,4,4,3,3,3XXCcP0hJq820pl6c0SJzkK5vFmY07KL3YmgRY5BEk56ogQ,224,VoidBBlade,False,100,UTILITY,29,2192,14677,7378,1020,15842,435,0,15,55,265,1,0,50,50,842,0,1,9,0,69,7,10,26,False
turretPlatesTaken,2,0,0,2.0,8893,12,25,Morgana,0,9,1207,1290,1207,5321,11,5,1,0,False,False,False,False,False,False,8177,7450,UTILITY,0,0,2,3157,3853,2055,6653,0,3158,3364,25,1,4,BOTTOM,0,2,2,400,12944,6548,11329,0,0,1,0,0,0,2,0,,1681,779,3670,4803,FQ9fpaVnVK7Q4OcDkNzuIcxxLR0bGOJH6L02e-qvYM6hKAg75JcASzTD7aQ9ALn3-Zxh8wNOODnocw,0,,,SUPPORT,0,27,20,13,5,4,4,3,3,3XXCcP0hJq820pl6c0SJzkK5vFmY07KL3YmgRY5BEk56ogQ,224,VoidBBlade,False,100,UTILITY,29,2192,14677,7378,1020,15842,435,0,15,55,265,1,0,50,50,842,0,1,9,0,69,7,10,26,False
turretTakedowns,2,0,0,1.0,8893,12,25,Morgana,0,9,1207,1290,1207,5321,11,5,1,0,False,False,False,False,False,False,8177,7450,UTILITY,0,0,2,3157,3853,2055,6653,0,3158,3364,25,1,4,BOTTOM,0,2,2,400,12944,6548,11329,0,0,1,0,0,0,2,0,,1681,779,3670,4803,FQ9fpaVnVK7Q4OcDkNzuIcxxLR0bGOJH6L02e-qvYM6hKAg75JcASzTD7aQ9ALn3-Zxh8wNOODnocw,0,,,SUPPORT,0,27,20,13,5,4,4,3,3,3XXCcP0hJq820pl6c0SJzkK5vFmY07KL3YmgRY5BEk56ogQ,224,VoidBBlade,False,100,UTILITY,29,2192,14677,7378,1020,15842,435,0,15,55,265,1,0,50,50,842,0,1,9,0,69,7,10,26,False
turretsTakenWithRiftHerald,2,0,0,5.0,8893,12,25,Morgana,0,9,1207,1290,1207,5321,11,5,1,0,False,False,False,False,False,False,8177,7450,UTILITY,0,0,2,3157,3853,2055,6653,0,3158,3364,25,1,4,BOTTOM,0,2,2,400,12944,6548,11329,0,0,1,0,0,0,2,0,,1681,779,3670,4803,FQ9fpaVnVK7Q4OcDkNzuIcxxLR0bGOJH6L02e-qvYM6hKAg75JcASzTD7aQ9ALn3-Zxh8wNOODnocw,0,,,SUPPORT,0,27,20,13,5,4,4,3,3,3XXCcP0hJq820pl6c0SJzkK5vFmY07KL3YmgRY5BEk56ogQ,224,VoidBBlade,False,100,UTILITY,29,2192,14677,7378,1020,15842,435,0,15,55,265,1,0,50,50,842,0,1,9,0,69,7,10,26,False
twentyMinionsIn3SecondsCount,2,0,0,0.0,8893,12,25,Morgana,0,9,1207,1290,1207,5321,11,5,1,0,False,False,False,False,False,False,8177,7450,UTILITY,0,0,2,3157,3853,2055,6653,0,3158,3364,25,1,4,BOTTOM,0,2,2,400,12944,6548,11329,0,0,1,0,0,0,2,0,,1681,779,3670,4803,FQ9fpaVnVK7Q4OcDkNzuIcxxLR0bGOJH6L02e-qvYM6hKAg75JcASzTD7aQ9ALn3-Zxh8wNOODnocw,0,,,SUPPORT,0,27,20,13,5,4,4,3,3,3XXCcP0hJq820pl6c0SJzkK5vFmY07KL3YmgRY5BEk56ogQ,224,VoidBBlade,False,100,UTILITY,29,2192,14677,7378,1020,15842,435,0,15,55,265,1,0,50,50,842,0,1,9,0,69,7,10,26,False
unseenRecalls,2,0,0,0.0,8893,12,25,Morgana,0,9,1207,1290,1207,5321,11,5,1,0,False,False,False,False,False,False,8177,7450,UTILITY,0,0,2,3157,3853,2055,6653,0,3158,3364,25,1,4,BOTTOM,0,2,2,400,12944,6548,11329,0,0,1,0,0,0,2,0,,1681,779,3670,4803,FQ9fpaVnVK7Q4OcDkNzuIcxxLR0bGOJH6L02e-qvYM6hKAg75JcASzTD7aQ9ALn3-Zxh8wNOODnocw,0,,,SUPPORT,0,27,20,13,5,4,4,3,3,3XXCcP0hJq820pl6c0SJzkK5vFmY07KL3YmgRY5BEk56ogQ,224,VoidBBlade,False,100,UTILITY,29,2192,14677,7378,1020,15842,435,0,15,55,265,1,0,50,50,842,0,1,9,0,69,7,10,26,False
visionScoreAdvantageLaneOpponent,2,0,0,1.3169893026351929,8893,12,25,Morgana,0,9,1207,1290,1207,5321,11,5,1,0,False,False,False,False,False,False,8177,7450,UTILITY,0,0,2,3157,3853,2055,6653,0,3158,3364,25,1,4,BOTTOM,0,2,2,400,12944,6548,11329,0,0,1,0,0,0,2,0,,1681,779,3670,4803,FQ9fpaVnVK7Q4OcDkNzuIcxxLR0bGOJH6L02e-qvYM6hKAg75JcASzTD7aQ9ALn3-Zxh8wNOODnocw,0,,,SUPPORT,0,27,20,13,5,4,4,3,3,3XXCcP0hJq820pl6c0SJzkK5vFmY07KL3YmgRY5BEk56ogQ,224,VoidBBlade,False,100,UTILITY,29,2192,14677,7378,1020,15842,435,0,15,55,265,1,0,50,50,842,0,1,9,0,69,7,10,26,False
visionScorePerMinute,2,0,0,1.8985882984383686,8893,12,25,Morgana,0,9,1207,1290,1207,5321,11,5,1,0,False,False,False,False,False,False,8177,7450,UTILITY,0,0,2,3157,3853,2055,6653,0,3158,3364,25,1,4,BOTTOM,0,2,2,400,12944,6548,11329,0,0,1,0,0,0,2,0,,1681,779,3670,4803,FQ9fpaVnVK7Q4OcDkNzuIcxxLR0bGOJH6L02e-qvYM6hKAg75JcASzTD7aQ9ALn3-Zxh8wNOODnocw,0,,,SUPPORT,0,27,20,13,5,4,4,3,3,3XXCcP0hJq820pl6c0SJzkK5vFmY07KL3YmgRY5BEk56ogQ,224,VoidBBlade,False,100,UTILITY,29,2192,14677,7378,1020,15842,435,0,15,55,265,1,0,50,50,842,0,1,9,0,69,7,10,26,False
wardTakedowns,2,0,0,10.0,8893,12,25,Morgana,0,9,1207,1290,1207,5321,11,5,1,0,False,False,False,False,False,False,8177,7450,UTILITY,0,0,2,3157,3853,2055,6653,0,3158,3364,25,1,4,BOTTOM,0,2,2,400,12944,6548,11329,0,0,1,0,0,0,2,0,,1681,779,3670,4803,FQ9fpaVnVK7Q4OcDkNzuIcxxLR0bGOJH6L02e-qvYM6hKAg75JcASzTD7aQ9ALn3-Zxh8wNOODnocw,0,,,SUPPORT,0,27,20,13,5,4,4,3,3,3XXCcP0hJq820pl6c0SJzkK5vFmY07KL3YmgRY5BEk56ogQ,224,VoidBBlade,False,100,UTILITY,29,2192,14677,7378,1020,15842,435,0,15,55,265,1,0,50,50,842,0,1,9,0,69,7,10,26,False
wardTakedownsBefore20M,2,0,0,3.0,8893,12,25,Morgana,0,9,1207,1290,1207,5321,11,5,1,0,False,False,False,False,False,False,8177,7450,UTILITY,0,0,2,3157,3853,2055,6653,0,3158,3364,25,1,4,BOTTOM,0,2,2,400,12944,6548,11329,0,0,1,0,0,0,2,0,,1681,779,3670,4803,FQ9fpaVnVK7Q4OcDkNzuIcxxLR0bGOJH6L02e-qvYM6hKAg75JcASzTD7aQ9ALn3-Zxh8wNOODnocw,0,,,SUPPORT,0,27,20,13,5,4,4,3,3,3XXCcP0hJq820pl6c0SJzkK5vFmY07KL3YmgRY5BEk56ogQ,224,VoidBBlade,False,100,UTILITY,29,2192,14677,7378,1020,15842,435,0,15,55,265,1,0,50,50,842,0,1,9,0,69,7,10,26,False
wardsGuarded,2,0,0,0.0,8893,12,25,Morgana,0,9,1207,1290,1207,5321,11,5,1,0,False,False,False,False,False,False,8177,7450,UTILITY,0,0,2,3157,3853,2055,6653,0,3158,3364,25,1,4,BOTTOM,0,2,2,400,12944,6548,11329,0,0,1,0,0,0,2,0,,1681,779,3670,4803,FQ9fpaVnVK7Q4OcDkNzuIcxxLR0bGOJH6L02e-qvYM6hKAg75JcASzTD7aQ9ALn3-Zxh8wNOODnocw,0,,,SUPPORT,0,27,20,13,5,4,4,3,3,3XXCcP0hJq820pl6c0SJzkK5vFmY07KL3YmgRY5BEk56ogQ,224,VoidBBlade,False,100,UTILITY,29,2192,14677,7378,1020,15842,435,0,15,55,265,1,0,50,50,842,0,1,9,0,69,7,10,26,False
statPerks,2,0,0,,8893,12,25,Morgana,0,9,1207,1290,1207,5321,11,5,1,0,False,False,False,False,False,False,8177,7450,UTILITY,0,0,2,3157,3853,2055,6653,0,3158,3364,25,1,4,BOTTOM,0,2,2,400,12944,6548,11329,0,0,1,0,0,0,2,0,"{'defense': 5002, 'flex': 5008, 'offense': 5008}",1681,779,3670,4803,FQ9fpaVnVK7Q4OcDkNzuIcxxLR0bGOJH6L02e-qvYM6hKAg75JcASzTD7aQ9ALn3-Zxh8wNOODnocw,0,,,SUPPORT,0,27,20,13,5,4,4,3,3,3XXCcP0hJq820pl6c0SJzkK5vFmY07KL3YmgRY5BEk56ogQ,224,VoidBBlade,False,100,UTILITY,29,2192,14677,7378,1020,15842,435,0,15,55,265,1,0,50,50,842,0,1,9,0,69,7,10,26,False
styles,2,0,0,,8893,12,25,Morgana,0,9,1207,1290,1207,5321,11,5,1,0,False,False,False,False,False,False,8177,7450,UTILITY,0,0,2,3157,3853,2055,6653,0,3158,3364,25,1,4,BOTTOM,0,2,2,400,12944,6548,11329,0,0,1,0,0,0,2,0,"[{'description': 'primaryStyle', 'selections': [{'perk': 8229, 'var1': 772, 'var2': 0, 'var3': 0}, {'perk': 8226, 'var1': 250, 'var2': 129, 'var3': 0}, {'perk': 8210, 'var1': 0, 'var2': 0, 'var3': 0}, {'perk': 8237, 'var1': 180, 'var2': 0, 'var3': 0}], 'style': 8200}, {'description': 'subStyle', 'selections': [{'perk': 8313, 'var1': 0, 'var2': 0, 'var3': 0}, {'perk': 8345, 'var1': 3, 'var2': 0, 'var3': 0}], 'style': 8300}]",1681,779,3670,4803,FQ9fpaVnVK7Q4OcDkNzuIcxxLR0bGOJH6L02e-qvYM6hKAg75JcASzTD7aQ9ALn3-Zxh8wNOODnocw,0,,,SUPPORT,0,27,20,13,5,4,4,3,3,3XXCcP0hJq820pl6c0SJzkK5vFmY07KL3YmgRY5BEk56ogQ,224,VoidBBlade,False,100,UTILITY,29,2192,14677,7378,1020,15842,435,0,15,55,265,1,0,50,50,842,0,1,9,0,69,7,10,26,False
